Rk,Player,Age,Team,Pos,G,GS,MP,FG%,Dist.,2P,% of FGA by 0-3 feet,% of FGA by 3-10 feet,% of FGA by 10-16 feet,% of FGA by 16 feet - 3P,% of FGA by 3P area,% of 2PFG Ast'd,% of 3P Ast'd,%3PA Corner
1,Amen Thompson,23,HOU,PG,79,79,2953,0.534,7.8,0.889,0.383,0.333,0.112,0.06,0.111,0.53,0.96,0.586
2,Kevin Durant,37,HOU,SF,78,78,2840,0.52,16.4,0.673,0.065,0.145,0.307,0.156,0.327,0.472,0.731,0.102
3,Desmond Bane,27,ORL,SG,82,82,2756,0.484,13.5,0.646,0.226,0.251,0.105,0.065,0.354,0.526,0.796,0.197
4,Toumani Camara,25,POR,PF,82,82,2731,0.44,18.1,0.336,0.175,0.135,0.02,0.006,0.664,0.659,0.886,0.296
5,Jabari Smith Jr.,22,HOU,PF,77,77,2705,0.45,16.8,0.499,0.137,0.147,0.155,0.061,0.501,0.67,0.966,0.357
6,Mikal Bridges,29,NYK,SF,82,82,2692,0.49,15,0.564,0.202,0.144,0.168,0.049,0.436,0.684,0.987,0.455
7,Scottie Barnes,24,TOR,PF,80,80,2681,0.507,10.6,0.801,0.302,0.249,0.181,0.069,0.199,0.557,0.926,0.259
8,Tyrese Maxey,25,PHI,PG,70,70,2661,0.462,14.9,0.601,0.232,0.203,0.094,0.073,0.399,0.378,0.595,0.077
9,Jamal Murray,28,DEN,PG,75,75,2652,0.483,16.3,0.586,0.127,0.195,0.14,0.124,0.414,0.342,0.563,0.107
10,Derrick White,31,BOS,SG,77,77,2625,0.394,19.2,0.422,0.073,0.159,0.125,0.065,0.578,0.474,0.718,0.114
11,VJ Edgecombe,20,PHI,SG,75,75,2623,0.438,14.8,0.591,0.222,0.176,0.124,0.069,0.409,0.437,0.812,0.138
12,Julius Randle,31,MIN,PF,79,79,2610,0.481,12.1,0.713,0.27,0.229,0.14,0.074,0.287,0.439,0.853,0.22
13,Brandon Ingram,28,TOR,SF,77,77,2604,0.477,14.8,0.726,0.147,0.136,0.266,0.177,0.274,0.424,0.933,0.252
14,Nickeil Alexander-Walker,27,ATL,SG,78,71,2603,0.459,16.3,0.474,0.216,0.128,0.078,0.052,0.526,0.519,0.92,0.262
15,Jalen Brunson,29,NYK,PG,74,74,2590,0.467,15.2,0.642,0.116,0.222,0.207,0.097,0.358,0.213,0.559,0.167
16,Payton Pritchard,28,BOS,PG,79,50,2556,0.464,18.4,0.485,0.083,0.171,0.173,0.057,0.515,0.245,0.736,0.075
17,Kon Knueppel,20,CHO,SF,81,80,2551,0.475,17.9,0.408,0.141,0.171,0.078,0.018,0.592,0.591,0.923,0.209
18,Jalen Johnson,24,ATL,SF,72,72,2532,0.489,12,0.722,0.252,0.273,0.144,0.053,0.278,0.481,0.825,0.065
19,Dyson Daniels,22,ATL,SG,76,76,2520,0.517,7.3,0.849,0.409,0.382,0.057,0.001,0.151,0.574,1,0.333
20,Paolo Banchero,23,ORL,PF,72,72,2502,0.459,11.1,0.761,0.289,0.261,0.151,0.06,0.239,0.445,0.762,0.178
21,Donte DiVincenzo,29,MIN,SG,82,82,2494,0.406,20.9,0.229,0.103,0.089,0.028,0.01,0.771,0.621,0.906,0.228
22,Jaylen Brown,29,BOS,SF,71,71,2443,0.477,13.6,0.738,0.16,0.262,0.171,0.145,0.262,0.324,0.536,0.119
23,James Harden,36,2TM,PG,70,70,2438,0.434,16.8,0.49,0.139,0.224,0.093,0.033,0.51,0.114,0.414,0.052
23,James Harden,36,LAC,PG,44,44,1559,0.419,16.8,0.495,0.137,0.233,0.086,0.039,0.505,0.122,0.393,0.057
23,James Harden,36,CLE,PG,26,26,879,0.466,16.7,0.477,0.142,0.205,0.111,0.02,0.523,0.095,0.45,0.043
24,DeMar DeRozan,36,SAC,PF,77,77,2406,0.497,14.2,0.854,0.091,0.184,0.302,0.277,0.146,0.42,0.894,0.361
25,Alperen Şengün,23,HOU,C,72,72,2398,0.519,8.5,0.883,0.285,0.414,0.146,0.038,0.117,0.422,0.825,0.053
26,Miles Bridges,27,CHO,PF,77,77,2387,0.46,13.8,0.573,0.231,0.286,0.041,0.014,0.427,0.523,0.926,0.279
27,Rudy Gobert,33,MIN,C,76,76,2380,0.682,2.3,0.99,0.78,0.193,0.012,0.004,0.01,0.657,,0.4
28,Ryan Rollins,23,MIL,PG,74,67,2376,0.472,15.6,0.56,0.204,0.152,0.13,0.074,0.44,0.248,0.636,0.214
29,Bam Adebayo,28,MIA,C,73,73,2365,0.442,13.3,0.651,0.205,0.252,0.148,0.045,0.349,0.612,0.961,0.313
30,Cooper Flagg,19,DAL,SF,70,70,2344,0.468,11.5,0.796,0.218,0.311,0.151,0.116,0.204,0.402,0.708,0.119
31,Donovan Mitchell,29,CLE,SG,70,70,2342,0.483,15.7,0.561,0.189,0.192,0.113,0.067,0.439,0.275,0.607,0.12
32,Trey Murphy III,25,NOP,SF,66,66,2341,0.47,17,0.462,0.21,0.154,0.071,0.026,0.538,0.721,0.832,0.096
33,Brandin Podziemski,22,GSW,SG,82,43,2333,0.455,16.5,0.524,0.15,0.174,0.13,0.069,0.476,0.548,0.824,0.143
34,Karl-Anthony Towns,30,NYK,C,75,75,2322,0.501,10.8,0.703,0.408,0.224,0.034,0.037,0.297,0.577,0.947,0.049
35,Jaden McDaniels,25,MIN,PF,73,73,2316,0.515,12.4,0.691,0.224,0.278,0.138,0.051,0.309,0.653,0.922,0.372
36,Onyeka Okongwu,25,ATL,C,74,63,2297,0.48,13.8,0.555,0.23,0.274,0.045,0.005,0.445,0.747,1,0.269
37,Luka Dončić,26,LAL,PG,64,64,2289,0.476,17.8,0.524,0.076,0.198,0.186,0.063,0.476,0.219,0.382,0.058
38,Wendell Carter Jr.,26,ORL,C,78,78,2288,0.512,12.5,0.645,0.333,0.163,0.1,0.049,0.355,0.736,1,0.332
39,Collin Gillespie,26,PHO,PG,80,58,2282,0.418,21.3,0.314,0.056,0.082,0.128,0.048,0.686,0.375,0.746,0.151
40,Bub Carrington,20,WAS,PG,82,48,2271,0.424,20.1,0.441,0.053,0.109,0.116,0.163,0.559,0.29,0.698,0.13
41,A.J. Green,26,MIL,SG,78,68,2270,0.424,24.1,0.104,0.026,0.019,0.032,0.026,0.896,0.7,0.927,0.258
42,Julian Champagnie,24,SAS,SF,82,68,2266,0.437,19.6,0.257,0.154,0.078,0.02,0.004,0.743,0.698,0.974,0.363
43,Nikola Jokić,30,DEN,C,65,65,2265,0.569,11.5,0.739,0.216,0.374,0.11,0.04,0.261,0.564,0.804,0.061
44,CJ McCollum,34,2TM,PG,76,60,2264,0.455,16.4,0.558,0.135,0.185,0.146,0.092,0.442,0.347,0.665,0.151
44,CJ McCollum,34,WAS,SG,35,35,1082,0.454,17,0.539,0.108,0.187,0.159,0.085,0.461,0.326,0.667,0.135
44,CJ McCollum,34,ATL,PG,41,25,1182,0.456,15.7,0.574,0.158,0.182,0.136,0.098,0.426,0.363,0.663,0.165
45,Shai Gilgeous-Alexander,27,OKC,PG,68,68,2259,0.553,12.6,0.774,0.228,0.173,0.273,0.101,0.226,0.183,0.27,0.054
46,Matas Buzelis,21,CHI,PF,77,77,2248,0.463,14.5,0.486,0.319,0.145,0.013,0.008,0.514,0.553,0.925,0.253
47,Saddiq Bey,26,NOP,SF,72,64,2246,0.451,13.6,0.574,0.27,0.209,0.071,0.024,0.426,0.442,0.927,0.308
48,Max Christie,22,DAL,SG,77,68,2244,0.441,18,0.385,0.137,0.141,0.062,0.046,0.615,0.579,0.917,0.357
49,De'Aaron Fox,28,SAS,PG,72,72,2231,0.486,14.4,0.623,0.201,0.204,0.151,0.067,0.377,0.302,0.702,0.213
50,Immanuel Quickley,26,TOR,PG,70,70,2231,0.443,17.7,0.474,0.105,0.178,0.15,0.041,0.526,0.426,0.865,0.143
51,Kris Dunn,31,LAC,PG,82,68,2230,0.476,14.3,0.551,0.187,0.27,0.082,0.013,0.449,0.449,1,0.411
52,OG Anunoby,28,NYK,PF,67,67,2224,0.484,14.5,0.494,0.31,0.106,0.055,0.024,0.506,0.668,0.968,0.459
53,Royce O'Neale,32,PHO,SF,78,67,2213,0.421,23,0.168,0.061,0.083,0.021,0.003,0.832,0.588,0.934,0.171
54,Quentin Grimes,25,PHI,SG,75,19,2206,0.45,15.7,0.497,0.254,0.143,0.04,0.06,0.503,0.587,0.882,0.226
55,Deni Avdija,25,POR,SF,66,66,2199,0.462,12.7,0.631,0.29,0.243,0.07,0.026,0.369,0.39,0.792,0.115
56,Naji Marshall,28,DAL,SF,74,47,2184,0.51,11.3,0.741,0.21,0.37,0.135,0.026,0.259,0.493,0.952,0.469
57,Cade Cunningham,24,DET,PG,64,64,2172,0.461,13.2,0.692,0.179,0.3,0.14,0.073,0.308,0.291,0.488,0.049
58,Reed Sheppard,21,HOU,SG,82,21,2147,0.43,19.9,0.391,0.074,0.124,0.126,0.068,0.609,0.356,0.749,0.144
59,Devin Booker,29,PHO,SG,64,64,2146,0.456,15.3,0.691,0.138,0.169,0.235,0.149,0.309,0.337,0.631,0.081
60,Anthony Edwards,24,MIN,SG,61,60,2137,0.489,15.8,0.582,0.18,0.149,0.15,0.104,0.418,0.302,0.561,0.089
61,Tim Hardaway Jr.,33,DEN,SG,80,6,2127,0.447,20.8,0.294,0.074,0.089,0.067,0.064,0.706,0.782,0.893,0.193
62,Jaime Jaquez Jr.,24,MIA,SF,75,1,2121,0.507,9.6,0.8,0.271,0.407,0.095,0.027,0.2,0.443,0.948,0.344
63,Duncan Robinson,31,DET,SG,77,77,2113,0.456,20.8,0.232,0.083,0.119,0.021,0.009,0.768,0.745,0.977,0.265
64,Jeremiah Fears,19,NOP,PG,82,49,2112,0.434,11.9,0.696,0.326,0.222,0.101,0.047,0.304,0.369,0.693,0.124
65,Donovan Clingan,21,POR,C,77,77,2094,0.52,10.9,0.64,0.471,0.155,0.006,0.009,0.36,0.577,0.929,0.069
66,Kawhi Leonard,34,LAC,SF,65,65,2085,0.505,15.3,0.646,0.128,0.205,0.204,0.109,0.354,0.33,0.57,0.092
67,Evan Mobley,24,CLE,PF,65,63,2074,0.546,9.6,0.757,0.406,0.254,0.073,0.023,0.243,0.654,0.887,0.139
68,Andrew Wiggins,30,MIA,SF,68,68,2063,0.475,14.3,0.594,0.224,0.206,0.102,0.062,0.406,0.46,0.942,0.249
69,Jake LaRavia,24,LAL,PF,82,43,2061,0.459,13.9,0.535,0.247,0.235,0.046,0.008,0.465,0.716,0.987,0.486
70,Pascal Siakam,31,IND,PF,62,62,2057,0.484,12.2,0.746,0.213,0.277,0.183,0.074,0.254,0.482,0.857,0.157
71,Cason Wallace,22,OKC,SG,77,58,2046,0.432,14.5,0.507,0.274,0.175,0.039,0.019,0.493,0.503,0.95,0.33
72,Devin Vassell,25,SAS,SG,67,65,2044,0.437,19.1,0.428,0.089,0.061,0.18,0.098,0.572,0.671,0.964,0.299
73,Stephon Castle,21,SAS,PG,68,67,2038,0.471,11.5,0.701,0.31,0.262,0.109,0.021,0.299,0.362,0.975,0.23
74,Derik Queen,21,NOP,C,81,48,2023,0.473,7.9,0.882,0.405,0.302,0.096,0.079,0.118,0.405,0.913,0.341
75,LaMelo Ball,24,CHO,PG,72,69,2017,0.407,18.9,0.405,0.112,0.185,0.087,0.022,0.595,0.252,0.621,0.122
76,Naz Reid,26,MIN,C,77,3,2007,0.456,15.8,0.486,0.147,0.258,0.077,0.003,0.514,0.579,0.938,0.324
77,Davion Mitchell,27,MIA,PG,70,70,2000,0.49,14.3,0.572,0.205,0.268,0.062,0.038,0.428,0.339,0.867,0.105
78,Bruce Brown,29,DEN,SG,82,4,1998,0.475,10.7,0.716,0.318,0.289,0.094,0.015,0.284,0.56,0.93,0.527
79,Chet Holmgren,23,OKC,PF,69,69,1997,0.557,11.6,0.688,0.344,0.208,0.095,0.041,0.312,0.63,0.966,0.198
80,Josh Hart,30,NYK,SF,66,52,1994,0.508,13.7,0.591,0.294,0.157,0.095,0.046,0.409,0.697,0.81,0.298
81,LeBron James,41,LAL,SF,60,60,1989,0.515,11.9,0.736,0.292,0.235,0.123,0.086,0.264,0.518,0.649,0.193
82,Ace Bailey,19,UTA,SF,72,61,1988,0.443,16.4,0.554,0.146,0.161,0.103,0.143,0.446,0.69,0.898,0.261
83,Harrison Barnes,33,SAS,PF,77,52,1986,0.456,17.2,0.377,0.158,0.157,0.054,0.009,0.623,0.634,0.978,0.522
84,Jalen Duren,22,DET,C,70,70,1976,0.65,3.7,1,0.522,0.426,0.031,0.021,0,0.648,,
85,Brandon Miller,23,CHO,SF,65,65,1968,0.435,17.3,0.489,0.122,0.199,0.124,0.045,0.511,0.476,0.814,0.126
86,Maxime Raynaud,22,SAC,C,74,56,1964,0.571,8.3,0.89,0.198,0.534,0.145,0.013,0.11,0.816,0.958,0.324
87,Deandre Ayton,27,LAL,C,72,72,1958,0.671,5.3,1,0.421,0.406,0.146,0.027,0,0.801,,
88,Jarace Walker,22,IND,PF,76,41,1953,0.419,16.1,0.514,0.166,0.207,0.086,0.055,0.486,0.644,0.932,0.149
89,Sam Hauser,28,BOS,PF,78,49,1934,0.419,23.5,0.161,0.04,0.03,0.06,0.032,0.839,0.778,0.97,0.177
90,Rui Hachimura,27,LAL,PF,68,41,1927,0.514,16.5,0.561,0.159,0.106,0.161,0.136,0.439,0.796,0.983,0.405
91,Neemias Queta,26,BOS,C,76,75,1926,0.653,3.9,0.984,0.545,0.389,0.044,0.006,0.016,0.735,1,0.125
92,Nic Claxton,26,BRK,C,69,68,1920,0.571,4.6,0.967,0.497,0.395,0.058,0.017,0.033,0.621,1,0.053
93,Myles Turner,29,MIL,C,71,71,1912,0.44,18.2,0.406,0.152,0.135,0.073,0.046,0.594,0.737,1,0.188
94,Keldon Johnson,26,SAS,SF,82,0,1911,0.519,10.8,0.657,0.344,0.3,0.009,0.005,0.343,0.562,0.909,0.502
95,Anthony Black,22,ORL,PG,64,40,1910,0.447,13.3,0.611,0.258,0.237,0.071,0.045,0.389,0.596,0.82,0.28
96,Tristan Da Silva,24,ORL,SF,77,34,1899,0.45,15.9,0.482,0.16,0.227,0.071,0.024,0.518,0.654,0.95,0.374
97,Moussa Diabaté,24,CHO,C,73,47,1899,0.631,3.1,0.994,0.636,0.314,0.036,0.008,0.006,0.627,1,0.5
98,Ausar Thompson,23,DET,SF,73,72,1896,0.525,5.5,0.958,0.426,0.414,0.097,0.021,0.042,0.626,0.833,0.5
99,Nique Clifford,23,SAC,SG,75,28,1882,0.418,14.9,0.612,0.141,0.262,0.133,0.077,0.388,0.564,0.909,0.281
100,Ayo Dosunmu,26,2TM,SG,69,19,1881,0.517,12.1,0.625,0.367,0.194,0.048,0.016,0.375,0.517,0.919,0.282
100,Ayo Dosunmu,26,CHI,SG,45,10,1187,0.514,12,0.603,0.407,0.173,0.016,0.006,0.397,0.497,0.92,0.316
100,Ayo Dosunmu,26,MIN,SG,24,9,694,0.521,12.2,0.667,0.291,0.234,0.107,0.034,0.333,0.55,0.917,0.207
101,John Collins,28,LAC,PF,69,56,1872,0.552,11.6,0.668,0.281,0.275,0.077,0.035,0.332,0.716,1,0.594
102,Draymond Green,35,GSW,PF,68,68,1869,0.418,17.5,0.369,0.208,0.112,0.039,0.01,0.631,0.837,0.99,0.339
103,Victor Wembanyama,22,SAS,C,64,55,1866,0.512,12.8,0.676,0.328,0.148,0.119,0.081,0.324,0.647,0.893,0.077
104,Russell Westbrook,37,SAC,SF,64,58,1853,0.427,15.6,0.548,0.136,0.244,0.099,0.069,0.452,0.226,0.828,0.269
105,Jamal Shead,23,TOR,PG,82,12,1852,0.367,16.6,0.48,0.163,0.198,0.097,0.022,0.52,0.297,0.881,0.195
106,Pelle Larsson,24,MIA,SG,70,54,1849,0.496,11.5,0.657,0.317,0.297,0.038,0.005,0.343,0.647,0.968,0.26
107,Luguentz Dort,26,OKC,SF,69,69,1849,0.385,20.5,0.29,0.115,0.055,0.078,0.042,0.71,0.716,0.984,0.196
108,Sion James,23,CHO,SG,82,19,1843,0.371,17.3,0.366,0.199,0.14,0.022,0.005,0.634,0.527,0.952,0.369
109,Zion Williamson,25,NOP,PF,62,55,1841,0.6,3.6,0.995,0.575,0.378,0.038,0.004,0.005,0.524,1,0
110,Jaylen Wells,22,MEM,SG,69,69,1821,0.431,17,0.477,0.152,0.142,0.096,0.087,0.523,0.64,0.961,0.332
111,Nikola Vučević,35,2TM,C,64,49,1818,0.493,13.3,0.661,0.199,0.324,0.103,0.035,0.339,0.765,0.98,0.1
111,Nikola Vučević,35,CHI,C,48,48,1480,0.505,12.9,0.67,0.206,0.321,0.105,0.038,0.33,0.769,0.976,0.087
111,Nikola Vučević,35,BOS,C,16,1,338,0.439,13.6,0.619,0.165,0.338,0.094,0.022,0.381,0.744,1,0.151
112,Oso Ighodaro,23,PHO,PF,82,24,1808,0.653,4.1,0.997,0.522,0.38,0.096,0,0.003,0.757,,0
113,Kyle Kuzma,30,MIL,PF,69,43,1806,0.492,12.1,0.653,0.3,0.257,0.071,0.025,0.347,0.637,0.94,0.351
114,Kyle Filipowski,22,UTA,C,77,41,1801,0.492,11.5,0.653,0.259,0.339,0.047,0.008,0.347,0.647,0.959,0.421
115,Andrew Nembhard,26,IND,PG,57,57,1786,0.442,16.6,0.607,0.141,0.163,0.159,0.143,0.393,0.354,0.664,0.078
116,Keyonte George,22,UTA,PG,54,54,1786,0.456,15.6,0.59,0.101,0.276,0.117,0.096,0.41,0.515,0.724,0.122
117,Noah Clowney,21,BRK,PF,66,60,1780,0.396,17.7,0.379,0.124,0.201,0.041,0.013,0.621,0.612,0.992,0.283
118,Jaylon Tyson,23,CLE,SG,66,42,1777,0.493,13.5,0.555,0.279,0.216,0.051,0.009,0.445,0.716,0.977,0.372
119,Marcus Smart,31,LAL,SG,62,54,1769,0.395,18.4,0.384,0.109,0.162,0.084,0.029,0.616,0.505,0.918,0.294
120,Brice Sensabaugh,22,UTA,SF,75,22,1762,0.46,17,0.484,0.111,0.196,0.137,0.041,0.516,0.634,0.87,0.233
121,Austin Reaves,27,LAL,SG,51,45,1762,0.49,15.1,0.57,0.15,0.277,0.122,0.021,0.43,0.318,0.703,0.125
122,Tre Jones,26,CHI,PG,65,41,1752,0.553,8.4,0.789,0.48,0.237,0.06,0.013,0.211,0.49,0.829,0.346
123,Sandro Mamukelashvili,26,TOR,C,80,13,1751,0.523,13.7,0.531,0.339,0.162,0.029,0.002,0.469,0.758,1,0.216
124,Tobias Harris,33,DET,PF,63,63,1746,0.469,13.4,0.662,0.158,0.284,0.175,0.046,0.338,0.52,0.939,0.444
125,Precious Achiuwa,26,SAC,C,73,57,1745,0.528,7.8,0.838,0.371,0.395,0.064,0.007,0.162,0.543,1,0.412
126,P.J. Washington,27,DAL,PF,56,53,1736,0.45,12.1,0.644,0.243,0.324,0.059,0.018,0.356,0.586,0.961,0.415
127,Josh Giddey,23,CHI,PG,54,51,1731,0.448,13.4,0.605,0.261,0.262,0.054,0.028,0.395,0.326,0.806,0.131
128,RJ Barrett,25,TOR,SF,57,57,1726,0.491,11.8,0.653,0.304,0.272,0.071,0.006,0.347,0.6,0.948,0.251
129,Jay Huff,27,IND,C,82,47,1719,0.476,17.4,0.39,0.25,0.123,0.008,0.008,0.61,0.808,0.992,0.126
130,Norman Powell,32,MIA,SG,58,52,1717,0.47,15.4,0.542,0.2,0.207,0.087,0.048,0.458,0.581,0.859,0.149
131,Cam Spencer,25,MEM,SG,72,20,1714,0.473,19.6,0.415,0.067,0.108,0.142,0.099,0.585,0.436,0.76,0.098
132,Kel'el Ware,21,MIA,C,77,34,1704,0.53,10.9,0.641,0.441,0.171,0.017,0.012,0.359,0.675,1,0.279
133,Dillon Brooks,30,PHO,SF,56,56,1702,0.435,16.4,0.615,0.093,0.182,0.234,0.106,0.385,0.283,0.78,0.146
134,Dennis Schröder,32,2TM,PG,70,17,1697,0.405,14.1,0.638,0.151,0.245,0.159,0.083,0.362,0.256,0.76,0.158
134,Dennis Schröder,32,SAC,PG,40,14,1056,0.408,15.6,0.607,0.109,0.237,0.166,0.095,0.393,0.235,0.719,0.157
134,Dennis Schröder,32,CLE,PG,30,3,641,0.401,12.6,0.7,0.237,0.261,0.145,0.058,0.3,0.292,0.889,0.161
135,Isaac Okoro,25,CHI,SG,63,62,1695,0.46,12.9,0.519,0.401,0.115,0.002,0,0.481,0.696,0.918,0.557
136,Jerami Grant,31,POR,PF,57,38,1695,0.453,14.7,0.521,0.234,0.2,0.06,0.026,0.479,0.462,0.993,0.386
137,Dominick Barlow,22,PHI,PF,71,59,1689,0.539,7.7,0.794,0.489,0.248,0.04,0.018,0.206,0.665,1,0.744
138,Michael Porter Jr.,27,BRK,SF,52,52,1689,0.463,16.9,0.494,0.185,0.13,0.075,0.103,0.506,0.653,0.858,0.13
139,Luke Kennard,29,2TM,SG,78,6,1681,0.533,17.8,0.447,0.113,0.117,0.149,0.068,0.553,0.739,0.966,0.302
139,Luke Kennard,29,ATL,SG,46,0,944,0.538,18.7,0.379,0.108,0.108,0.1,0.063,0.621,0.691,0.986,0.329
139,Luke Kennard,29,LAL,SG,32,6,737,0.527,16.9,0.527,0.118,0.128,0.207,0.074,0.473,0.781,0.93,0.26
140,Cameron Johnson,29,DEN,SF,54,54,1647,0.48,16.6,0.461,0.202,0.131,0.069,0.059,0.539,0.712,0.945,0.344
141,Brook Lopez,37,LAC,C,75,40,1635,0.428,18.3,0.415,0.127,0.177,0.094,0.017,0.585,0.602,1,0.136
142,Will Riley,19,WAS,SF,74,18,1633,0.439,14.5,0.6,0.199,0.249,0.099,0.053,0.4,0.461,0.846,0.202
143,Cody Williams,21,UTA,SG,67,41,1631,0.468,10.9,0.743,0.253,0.322,0.1,0.067,0.257,0.733,1,0.595
144,Bennedict Mathurin,23,2TM,SF,54,25,1620,0.43,14.2,0.648,0.213,0.21,0.112,0.114,0.352,0.556,0.693,0.143
144,Bennedict Mathurin,23,IND,SF,28,24,891,0.433,16.1,0.564,0.179,0.17,0.098,0.117,0.436,0.557,0.724,0.167
144,Bennedict Mathurin,23,LAC,SF,26,1,729,0.426,12.3,0.743,0.251,0.254,0.129,0.11,0.257,0.555,0.588,0.098
145,Bobby Portis,30,MIL,PF,67,9,1619,0.488,16.3,0.605,0.115,0.18,0.151,0.16,0.395,0.623,0.985,0.372
146,Collin Sexton,27,2TM,SG,68,22,1614,0.485,13.3,0.624,0.275,0.22,0.077,0.053,0.376,0.375,0.804,0.197
146,Collin Sexton,27,CHO,SG,42,12,938,0.488,13.3,0.65,0.244,0.249,0.089,0.068,0.35,0.372,0.789,0.145
146,Collin Sexton,27,CHI,SG,26,10,676,0.482,13.3,0.591,0.314,0.183,0.061,0.034,0.409,0.379,0.818,0.254
147,Cedric Coward,22,MEM,SG,62,47,1598,0.471,14,0.576,0.238,0.207,0.113,0.019,0.424,0.505,0.86,0.244
148,Peyton Watson,23,DEN,SF,54,40,1598,0.491,12.7,0.661,0.244,0.258,0.102,0.057,0.339,0.652,0.975,0.401
149,Herbert Jones,27,NOP,SF,56,56,1588,0.383,16,0.458,0.224,0.157,0.044,0.033,0.542,0.544,0.938,0.301
150,Jalen Suggs,24,ORL,PG,57,56,1574,0.435,17.7,0.445,0.156,0.128,0.109,0.052,0.555,0.375,0.811,0.189
151,Kelly Oubre Jr.,30,PHI,SF,50,41,1574,0.467,14.1,0.561,0.224,0.244,0.075,0.017,0.439,0.53,0.953,0.335
152,Jordan Goodwin,27,PHO,PG,70,10,1572,0.413,16.3,0.456,0.231,0.126,0.068,0.031,0.544,0.419,0.902,0.341
153,Jrue Holiday,35,POR,PG,53,51,1560,0.451,16.7,0.489,0.14,0.207,0.097,0.045,0.511,0.317,0.569,0.163
154,Dylan Harper,19,SAS,SG,69,4,1558,0.505,10.7,0.729,0.405,0.181,0.091,0.05,0.271,0.344,0.902,0.23
155,Ron Holland,20,DET,SF,78,5,1551,0.432,11.6,0.636,0.294,0.292,0.035,0.015,0.364,0.616,0.98,0.571
156,Tari Eason,24,HOU,PF,60,34,1549,0.416,14.3,0.552,0.234,0.193,0.084,0.04,0.448,0.459,0.957,0.477
157,Kevin Huerter,27,2TM,SF,69,14,1549,0.451,16.2,0.455,0.21,0.18,0.045,0.02,0.545,0.692,0.94,0.228
157,Kevin Huerter,27,CHI,SF,44,11,1037,0.455,16.1,0.448,0.223,0.173,0.042,0.01,0.552,0.675,0.943,0.224
157,Kevin Huerter,27,DET,SG,25,3,512,0.443,16.3,0.469,0.182,0.193,0.052,0.042,0.531,0.727,0.933,0.235
158,Moses Moody,23,GSW,SG,60,49,1540,0.44,19,0.323,0.127,0.117,0.052,0.027,0.677,0.638,0.96,0.345
159,Terance Mann,29,BRK,SG,63,51,1529,0.457,13.9,0.582,0.234,0.196,0.111,0.041,0.418,0.455,0.839,0.416
160,Jarrett Allen,27,CLE,C,56,56,1519,0.638,5,0.981,0.455,0.419,0.087,0.021,0.019,0.818,1,0.6
161,Isaiah Collier,21,UTA,PG,59,19,1517,0.495,10,0.806,0.21,0.445,0.111,0.041,0.194,0.32,0.667,0.21
162,Isaiah Joe,26,OKC,SG,71,9,1507,0.455,22,0.212,0.087,0.039,0.048,0.039,0.788,0.788,0.95,0.222
163,Jock Landale,30,2TM,C,68,27,1506,0.515,11.8,0.648,0.334,0.237,0.057,0.02,0.352,0.702,0.959,0.28
163,Jock Landale,30,MEM,C,45,25,1060,0.514,11.4,0.668,0.324,0.262,0.062,0.021,0.332,0.689,0.98,0.202
163,Jock Landale,30,ATL,C,23,2,446,0.516,12.1,0.597,0.358,0.176,0.044,0.019,0.403,0.737,0.92,0.438
164,Zaccharie Risacher,20,ATL,SF,67,46,1503,0.455,15,0.519,0.297,0.112,0.047,0.063,0.481,0.718,0.947,0.31
165,Klay Thompson,35,DAL,SF,69,8,1497,0.393,21.8,0.276,0.055,0.037,0.08,0.104,0.724,0.81,0.931,0.211
166,Ryan Kalkbrenner,24,CHO,C,69,31,1479,0.753,2.5,0.983,0.763,0.21,0.003,0.007,0.017,0.712,,0.2
167,Keon Ellis,26,2TM,SG,72,11,1478,0.44,18.7,0.346,0.143,0.115,0.065,0.023,0.654,0.769,0.967,0.343
167,Keon Ellis,26,SAC,SG,43,5,758,0.397,20.1,0.311,0.091,0.096,0.096,0.029,0.689,0.7,0.943,0.292
167,Keon Ellis,26,CLE,SG,29,6,720,0.491,17.3,0.389,0.206,0.137,0.029,0.017,0.611,0.813,1,0.411
168,Ja'Kobe Walter,21,TOR,SG,72,19,1474,0.446,17.9,0.334,0.205,0.092,0.035,0.002,0.666,0.729,0.991,0.442
169,Patrick Williams,24,CHI,PF,72,6,1474,0.372,17.1,0.427,0.182,0.186,0.048,0.01,0.573,0.422,0.916,0.164
170,Ajay Mitchell,23,OKC,SG,57,16,1473,0.485,11.9,0.702,0.2,0.364,0.098,0.039,0.298,0.329,0.77,0.267
171,Shaedon Sharpe,22,POR,SG,50,42,1471,0.452,14.1,0.647,0.244,0.184,0.106,0.113,0.353,0.429,0.544,0.111
172,Bilal Coulibaly,21,WAS,SG,56,56,1468,0.425,12.8,0.623,0.287,0.242,0.055,0.039,0.377,0.412,0.908,0.338
173,Grayson Allen,30,PHO,SG,51,27,1467,0.403,20.2,0.318,0.097,0.177,0.034,0.009,0.682,0.445,0.78,0.11
174,Brandon Williams,26,DAL,PG,66,15,1463,0.472,10.7,0.749,0.305,0.285,0.107,0.052,0.251,0.306,0.917,0.258
175,Daniss Jenkins,24,DET,PG,72,19,1455,0.408,13.8,0.657,0.164,0.287,0.132,0.074,0.343,0.308,0.863,0.251
176,Jaren Jackson Jr.,26,2TM,C,48,48,1454,0.476,12.6,0.673,0.147,0.376,0.146,0.004,0.327,0.581,0.976,0.226
176,Jaren Jackson Jr.,26,MEM,C,45,45,1382,0.475,12.9,0.672,0.151,0.366,0.151,0.004,0.328,0.565,0.975,0.223
176,Jaren Jackson Jr.,26,UTA,C,3,3,72,0.49,12.3,0.694,0.102,0.51,0.082,0,0.306,0.789,1,0.267
177,Javonte Green,32,DET,SG,82,6,1446,0.447,16.6,0.403,0.2,0.171,0.014,0.017,0.597,0.758,0.947,0.385
178,Ivica Zubac,28,2TM,C,48,47,1446,0.598,4.6,1,0.461,0.459,0.081,0,0,0.667,,
178,Ivica Zubac,28,LAC,C,43,42,1328,0.613,4,1,0.473,0.45,0.077,0,0,0.665,,
178,Ivica Zubac,28,IND,C,5,5,118,0.472,5.2,1,0.358,0.528,0.113,0,0,0.68,,
179,Tre Johnson,19,WAS,SG,60,42,1443,0.419,18.2,0.504,0.071,0.178,0.185,0.07,0.496,0.436,0.8,0.162
180,Lauri Markkanen,28,UTA,PF,42,42,1443,0.477,13.9,0.598,0.21,0.267,0.073,0.047,0.402,0.717,0.948,0.207
181,Khris Middleton,34,2TM,SF,63,50,1439,0.42,16.4,0.656,0.081,0.161,0.228,0.185,0.344,0.419,0.836,0.306
181,Khris Middleton,34,WAS,SF,34,34,827,0.433,15.7,0.67,0.117,0.16,0.213,0.18,0.33,0.392,0.848,0.293
181,Khris Middleton,34,DAL,SF,29,16,612,0.404,17.1,0.638,0.038,0.163,0.246,0.192,0.363,0.46,0.824,0.322
182,Sidy Cissoko,21,POR,SF,75,26,1435,0.398,16.3,0.407,0.216,0.159,0.015,0.018,0.593,0.662,0.949,0.444
183,Luke Kornet,30,SAS,C,68,25,1430,0.643,2,1,0.827,0.143,0.026,0.004,0,0.771,,
184,Baylor Scheierman,25,BOS,SG,77,20,1429,0.453,20.8,0.27,0.066,0.093,0.084,0.027,0.73,0.685,0.948,0.342
185,Spencer Jones,24,DEN,SF,64,37,1417,0.504,14.9,0.45,0.294,0.13,0.015,0.011,0.55,0.733,1,0.611
186,Mark Williams,24,PHO,C,60,55,1416,0.644,3.3,0.998,0.626,0.317,0.05,0.005,0.002,0.683,1,1
187,Aaron Wiggins,27,OKC,SG,65,21,1414,0.431,15.1,0.496,0.239,0.19,0.052,0.015,0.504,0.556,0.854,0.281
188,Walter Clayton,22,2TM,PG,69,6,1410,0.384,16.9,0.471,0.13,0.206,0.093,0.041,0.529,0.431,0.707,0.115
188,Walter Clayton,22,UTA,PG,45,0,811,0.398,17.6,0.441,0.094,0.23,0.066,0.051,0.559,0.448,0.705,0.098
188,Walter Clayton,22,MEM,PG,24,6,599,0.366,16.1,0.507,0.176,0.176,0.127,0.029,0.493,0.409,0.71,0.139
189,Christian Braun,24,DEN,SG,44,44,1399,0.519,11.7,0.632,0.373,0.206,0.015,0.039,0.368,0.83,0.907,0.448
190,Gui Santos,23,GSW,PF,68,30,1395,0.5,14.1,0.517,0.274,0.235,0.007,0.002,0.483,0.651,1,0.243
191,Vít Krejčí,25,2TM,PG,65,8,1392,0.448,20.8,0.235,0.089,0.093,0.042,0.012,0.765,0.875,0.945,0.216
191,Vít Krejčí,25,ATL,PG,46,8,1028,0.464,21.1,0.224,0.088,0.081,0.045,0.01,0.776,0.881,0.96,0.205
191,Vít Krejčí,25,POR,PG,19,0,364,0.405,20.4,0.264,0.091,0.124,0.033,0.017,0.736,0.864,0.889,0.247
192,Kyshawn George,22,WAS,SF,48,48,1391,0.438,16.5,0.549,0.135,0.199,0.137,0.078,0.451,0.331,0.818,0.192
193,Ben Sheppard,24,IND,SG,65,20,1390,0.434,17.2,0.401,0.202,0.121,0.049,0.028,0.599,0.75,0.976,0.358
194,Justin Champagnie,24,WAS,SF,69,19,1377,0.502,11,0.641,0.411,0.212,0.017,0,0.359,0.564,0.943,0.331
195,Will Richard,23,GSW,SG,69,21,1377,0.468,16.9,0.387,0.231,0.104,0.032,0.02,0.613,0.681,0.972,0.443
196,Gary Trent Jr.,27,MIL,SG,65,21,1377,0.387,21.5,0.277,0.038,0.085,0.07,0.085,0.723,0.55,0.886,0.284
197,Sam Merrill,29,CLE,SG,52,38,1377,0.461,21.4,0.225,0.089,0.056,0.05,0.031,0.775,0.815,0.937,0.163
198,Anfernee Simons,26,2TM,SG,55,5,1372,0.44,19.7,0.415,0.057,0.153,0.114,0.091,0.585,0.216,0.658,0.087
198,Anfernee Simons,26,BOS,SG,49,0,1202,0.44,19.5,0.421,0.051,0.158,0.116,0.095,0.579,0.2,0.662,0.088
198,Anfernee Simons,26,CHI,SG,6,5,170,0.438,19.9,0.375,0.1,0.113,0.1,0.063,0.625,0.316,0.625,0.08
199,Jose Alvarado,27,2TM,PG,69,3,1370,0.416,18.1,0.361,0.131,0.156,0.06,0.013,0.639,0.535,0.752,0.265
199,Jose Alvarado,27,NOP,PG,41,0,896,0.418,19.2,0.311,0.118,0.146,0.039,0.007,0.689,0.468,0.714,0.285
199,Jose Alvarado,27,NYK,PG,28,3,474,0.414,17,0.444,0.154,0.172,0.095,0.024,0.556,0.615,0.839,0.223
200,Malik Monk,27,SAC,SG,62,3,1364,0.438,17.1,0.503,0.108,0.217,0.127,0.052,0.497,0.484,0.758,0.14
201,Ryan Dunn,23,PHO,SF,70,16,1355,0.453,13.3,0.533,0.331,0.16,0.033,0.008,0.467,0.62,1,0.675
202,Josh Okogie,27,HOU,SG,78,32,1354,0.425,15.1,0.452,0.245,0.167,0.02,0.02,0.548,0.587,1,0.646
203,Kobe Sanders,23,LAC,SG,68,16,1351,0.466,16.9,0.49,0.141,0.159,0.117,0.073,0.51,0.556,0.975,0.337
204,Derrick Jones Jr.,28,LAC,SF,50,45,1350,0.499,12.3,0.596,0.311,0.243,0.034,0.008,0.404,0.724,0.982,0.425
205,Darius Garland,26,2TM,PG,45,43,1344,0.46,16.4,0.542,0.15,0.228,0.106,0.058,0.458,0.299,0.557,0.11
205,Darius Garland,26,CLE,PG,26,26,792,0.451,15.9,0.565,0.162,0.207,0.135,0.061,0.435,0.378,0.61,0.128
205,Darius Garland,26,LAC,PG,19,17,552,0.471,16.8,0.512,0.136,0.254,0.068,0.054,0.488,0.184,0.508,0.09
206,Aaron Nesmith,26,IND,SF,45,42,1335,0.414,17.2,0.459,0.152,0.15,0.104,0.053,0.541,0.804,0.971,0.274
207,Kris Murray,25,POR,SF,57,15,1333,0.467,12.1,0.558,0.388,0.17,0,0,0.442,0.674,1,0.541
208,Stephen Curry,37,GSW,PG,43,41,1329,0.468,19.6,0.394,0.108,0.158,0.063,0.066,0.606,0.511,0.716,0.066
209,Jordan Miller,26,LAC,SF,60,1,1325,0.531,10.6,0.724,0.293,0.326,0.1,0.005,0.276,0.448,1,0.336
210,Drake Powell,20,BRK,SG,63,24,1320,0.402,16.3,0.492,0.17,0.148,0.131,0.042,0.508,0.452,0.882,0.264
211,Jericho Sims,27,MIL,C,67,19,1318,0.784,2.2,1,0.816,0.146,0.038,0,0,0.814,,
212,Dean Wade,29,CLE,PF,59,38,1318,0.439,18.5,0.295,0.223,0.036,0.025,0.011,0.705,0.725,0.986,0.378
213,Isaiah Stewart,24,DET,C,58,13,1317,0.55,9.7,0.701,0.358,0.333,0.007,0.002,0.299,0.724,1,0.4
214,Egor Dёmin,19,BRK,PG,52,45,1308,0.399,20.6,0.283,0.109,0.096,0.036,0.042,0.717,0.509,0.823,0.152
215,Alex Sarr,20,WAS,C,48,48,1305,0.482,10.5,0.771,0.262,0.363,0.104,0.043,0.229,0.677,0.9,0.073
216,Yves Missi,21,NOP,C,66,14,1297,0.544,2.8,0.997,0.656,0.303,0.031,0.007,0.003,0.625,,0
217,Nicolas Batum,37,LAC,PF,74,6,1295,0.403,24.2,0.042,0.008,0.004,0.008,0.021,0.958,0.75,1,0.434
218,Ziaire Williams,24,BRK,SF,56,13,1281,0.425,16.3,0.42,0.224,0.139,0.048,0.009,0.58,0.643,0.977,0.359
219,Jordan Clarkson,33,NYK,SG,72,1,1279,0.451,14,0.593,0.183,0.27,0.114,0.027,0.407,0.509,0.957,0.379
220,Jaylin Williams,23,OKC,PF,65,11,1277,0.423,20.2,0.273,0.119,0.088,0.04,0.026,0.727,0.922,0.99,0.211
221,Kevin Porter Jr.,25,MIL,PG,38,36,1261,0.465,12.9,0.722,0.251,0.21,0.128,0.132,0.278,0.228,0.63,0.203
222,Coby White,25,2TM,SG,50,26,1249,0.446,16.3,0.49,0.238,0.141,0.066,0.045,0.51,0.301,0.783,0.116
222,Coby White,25,CHI,SG,29,26,843,0.438,16.4,0.471,0.272,0.104,0.051,0.043,0.529,0.31,0.819,0.106
222,Coby White,25,CHO,SG,21,0,406,0.461,16.2,0.522,0.178,0.204,0.091,0.048,0.478,0.286,0.721,0.136
223,Collin Murray-Boyles,20,TOR,PF,57,22,1246,0.579,6.4,0.854,0.617,0.178,0.026,0.032,0.146,0.84,1,0.3
224,Nolan Traoré,19,BRK,PG,56,31,1243,0.38,13.4,0.599,0.194,0.311,0.077,0.017,0.401,0.405,0.885,0.245
225,Adem Bona,22,PHI,C,71,18,1234,0.595,2.7,0.973,0.755,0.209,0.009,0,0.027,0.589,1,0.833
226,Andre Drummond,32,PHI,C,63,25,1231,0.472,8.2,0.733,0.516,0.202,0.015,0,0.267,0.504,1,0.8
227,Pat Spencer,29,GSW,PG,66,14,1229,0.427,14.7,0.615,0.135,0.266,0.177,0.037,0.385,0.302,0.7,0.19
228,Zach LaVine,30,SAC,SG,39,37,1224,0.479,16.7,0.536,0.157,0.185,0.062,0.132,0.464,0.577,0.768,0.197
229,Jordan Walsh,21,BOS,PF,68,25,1212,0.509,13.3,0.532,0.337,0.172,0.022,0,0.468,0.602,1,0.36
230,Jaxson Hayes,25,LAL,C,66,9,1207,0.756,2.8,0.989,0.695,0.282,0.011,0,0.011,0.81,1,0
231,Joel Embiid,31,PHI,C,38,38,1201,0.489,13.4,0.772,0.224,0.149,0.221,0.178,0.228,0.608,0.868,0.05
232,Marvin Bagley III,26,2TM,PF,60,12,1201,0.618,6.2,0.873,0.528,0.326,0.017,0.002,0.127,0.617,1,0.192
232,Marvin Bagley III,26,WAS,PF,38,8,731,0.626,4.8,0.923,0.573,0.337,0.008,0.004,0.077,0.61,1,0.211
232,Marvin Bagley III,26,DAL,PF,22,4,470,0.606,7.6,0.8,0.461,0.309,0.03,0,0.2,0.631,1,0.182
233,Santi Aldama,25,MEM,PF,43,11,1198,0.479,14.1,0.58,0.206,0.263,0.082,0.029,0.42,0.804,0.986,0.245
234,Daniel Gafford,27,DAL,C,55,44,1195,0.655,2.7,1,0.661,0.313,0.019,0.006,0,0.643,,
235,Danny Wolf,21,BRK,PF,57,15,1187,0.405,14.3,0.52,0.259,0.227,0.016,0.018,0.48,0.591,0.941,0.237
236,Jimmy Butler,36,GSW,SF,38,38,1182,0.519,9.3,0.816,0.342,0.303,0.121,0.05,0.184,0.505,0.719,0.435
237,Mouhamed Gueye,23,ATL,PF,77,8,1179,0.452,13.1,0.552,0.338,0.138,0.055,0.021,0.448,0.714,1,0.662
238,GG Jackson II,21,MEM,PF,55,28,1178,0.496,12.2,0.625,0.329,0.232,0.053,0.012,0.375,0.576,0.859,0.295
239,Bones Hyland,25,MIN,PG,71,3,1177,0.453,18.4,0.361,0.19,0.088,0.056,0.028,0.639,0.333,0.767,0.147
240,De'Andre Hunter,28,2TM,SF,45,25,1176,0.415,17,0.509,0.134,0.176,0.136,0.064,0.491,0.662,0.853,0.211
240,De'Andre Hunter,28,CLE,SF,43,23,1125,0.423,16.7,0.508,0.139,0.17,0.137,0.062,0.492,0.664,0.849,0.211
240,De'Andre Hunter,28,SAC,SF,2,2,51,0.211,17.2,0.526,0,0.316,0.105,0.105,0.474,0.5,1,0.222
241,Mitchell Robinson,27,NYK,C,60,16,1175,0.723,1,1,0.922,0.073,0.005,0,0,0.577,,
242,Simone Fontecchio,30,MIA,SF,70,9,1173,0.412,18.9,0.304,0.151,0.127,0.013,0.013,0.696,0.69,0.976,0.28
243,Ryan Nembhard,22,DAL,PG,60,27,1171,0.415,16.5,0.654,0.09,0.159,0.228,0.177,0.346,0.281,0.75,0.111
244,Landry Shamet,28,NYK,SG,51,12,1171,0.437,19.6,0.277,0.162,0.038,0.044,0.033,0.723,0.768,0.981,0.445
245,Day'Ron Sharpe,24,BRK,C,62,7,1160,0.601,5.2,0.89,0.587,0.292,0.003,0.008,0.11,0.537,1,0.333
246,Jared McCain,21,2TM,SG,67,3,1160,0.425,17.3,0.465,0.16,0.144,0.108,0.052,0.535,0.39,0.848,0.226
246,Jared McCain,21,PHI,SG,37,1,620,0.385,16.7,0.485,0.182,0.156,0.091,0.056,0.515,0.341,0.844,0.252
246,Jared McCain,21,OKC,SG,30,2,540,0.462,17.9,0.446,0.141,0.133,0.124,0.048,0.554,0.426,0.852,0.203
247,Quinten Post,25,GSW,PF,67,35,1159,0.44,17.9,0.369,0.141,0.171,0.03,0.027,0.631,0.69,0.989,0.307
248,Svi Mykhailiuk,28,UTA,SF,50,41,1156,0.478,18.3,0.337,0.13,0.152,0.036,0.019,0.663,0.64,0.929,0.413
249,Caris LeVert,31,DET,SG,60,0,1154,0.417,15.3,0.54,0.192,0.217,0.105,0.026,0.46,0.466,0.733,0.217
250,Jakob Poeltl,30,TOR,C,46,44,1149,0.7,3.7,1,0.59,0.297,0.113,0,0,0.788,,
251,Craig Porter Jr.,25,CLE,PG,64,3,1148,0.45,12.9,0.64,0.264,0.205,0.155,0.016,0.36,0.53,0.818,0.333
252,Gary Payton II,33,GSW,SG,73,1,1142,0.583,9.6,0.694,0.448,0.236,0.01,0,0.306,0.805,0.946,0.48
253,Dru Smith,28,MIA,SG,70,1,1141,0.415,12.8,0.603,0.258,0.292,0.046,0.006,0.397,0.464,0.921,0.372
254,Isaiah Hartenstein,27,OKC,C,47,46,1137,0.622,4.8,0.976,0.524,0.314,0.139,0,0.024,0.777,,0.286
255,Paul George,35,PHI,PF,37,37,1135,0.439,18,0.503,0.115,0.105,0.15,0.133,0.497,0.36,0.78,0.22
256,Jarred Vanderbilt,26,LAL,PF,65,3,1128,0.471,11.2,0.588,0.425,0.154,0,0.008,0.413,0.69,0.966,0.909
257,De'Anthony Melton,27,GSW,PG,49,24,1125,0.407,15,0.536,0.159,0.288,0.051,0.038,0.464,0.42,0.875,0.22
258,Luka Garza,27,BOS,C,69,6,1118,0.577,11.7,0.644,0.353,0.232,0.048,0.011,0.356,0.596,0.982,0.134
259,Taylor Hendricks,22,2TM,PF,59,17,1118,0.459,14.7,0.482,0.234,0.214,0.028,0.006,0.518,0.71,0.984,0.44
259,Taylor Hendricks,22,UTA,PF,33,6,492,0.453,14.9,0.453,0.211,0.211,0.031,0,0.547,0.853,1,0.586
259,Taylor Hendricks,22,MEM,PF,26,11,626,0.463,14.5,0.498,0.247,0.216,0.026,0.009,0.502,0.636,0.974,0.351
260,John Konchar,29,2TM,SG,56,8,1115,0.472,14.2,0.503,0.291,0.166,0.035,0.01,0.497,0.697,0.964,0.465
260,John Konchar,29,MEM,SG,30,1,435,0.521,14.9,0.451,0.324,0.085,0.028,0.014,0.549,0.75,1,0.564
260,John Konchar,29,UTA,SG,26,7,680,0.445,13.6,0.531,0.273,0.211,0.039,0.008,0.469,0.667,0.933,0.4
261,Ousmane Dieng,22,2TM,C,57,20,1099,0.422,17.2,0.535,0.133,0.153,0.153,0.095,0.465,0.39,0.73,0.168
261,Ousmane Dieng,22,OKC,C,27,0,295,0.418,18,0.462,0.11,0.143,0.121,0.088,0.538,0.5,0.667,0.184
261,Ousmane Dieng,22,MIL,C,30,20,804,0.423,16.5,0.557,0.14,0.156,0.163,0.098,0.443,0.365,0.756,0.162
262,Jalen Smith,25,CHI,C,53,21,1095,0.483,15.3,0.455,0.329,0.097,0.005,0.025,0.545,0.77,1,0.25
263,Kentavious Caldwell-Pope,32,MEM,SG,51,14,1088,0.41,17.5,0.525,0.101,0.161,0.09,0.172,0.475,0.726,0.873,0.155
264,Hugo González,19,BOS,SF,74,3,1084,0.476,13.8,0.528,0.26,0.228,0.028,0.012,0.472,0.667,1,0.466
265,Jusuf Nurkić,31,UTA,C,41,36,1083,0.503,9.1,0.802,0.263,0.472,0.061,0.006,0.198,0.71,1,0.042
266,Miles McBride,25,NYK,SG,41,15,1080,0.423,20.4,0.329,0.064,0.087,0.094,0.084,0.671,0.424,0.821,0.273
267,Corey Kispert,26,2TM,SF,58,10,1080,0.467,17.2,0.398,0.234,0.137,0.028,0,0.602,0.763,0.954,0.207
267,Corey Kispert,26,WAS,SF,19,2,370,0.496,18,0.361,0.193,0.151,0.017,0,0.639,0.759,0.967,0.211
267,Corey Kispert,26,ATL,SF,39,8,710,0.455,16.5,0.415,0.251,0.131,0.033,0,0.585,0.765,0.947,0.205
268,Rayan Rupert,21,2TM,SG,64,8,1072,0.393,14.1,0.565,0.201,0.265,0.07,0.029,0.435,0.481,0.932,0.404
268,Rayan Rupert,21,POR,SG,48,0,577,0.361,14.7,0.517,0.204,0.224,0.075,0.014,0.483,0.452,0.955,0.408
268,Rayan Rupert,21,MEM,SG,16,8,495,0.422,13.5,0.608,0.199,0.301,0.066,0.042,0.392,0.5,0.909,0.4
269,Gradey Dick,22,TOR,SG,76,1,1067,0.419,15.5,0.516,0.24,0.13,0.081,0.065,0.484,0.829,1,0.366
270,Giannis Antetokounmpo,31,MIL,PF,36,36,1039,0.624,6.1,0.925,0.61,0.161,0.064,0.09,0.075,0.475,0.867,0.022
271,Tyler Herro,26,MIA,SG,33,28,1033,0.48,16.3,0.569,0.091,0.25,0.181,0.047,0.431,0.497,0.75,0.108
272,Jamir Watkins,24,WAS,SG,50,7,1032,0.446,15.5,0.466,0.257,0.172,0.027,0.01,0.534,0.541,0.957,0.424
273,Alex Caruso,31,OKC,SG,56,0,1020,0.423,16.4,0.397,0.23,0.133,0.023,0.01,0.603,0.689,0.981,0.436
274,Franz Wagner,24,ORL,SF,34,32,1019,0.481,11.3,0.726,0.258,0.345,0.075,0.047,0.274,0.515,0.771,0.173
275,Caleb Love,24,POR,SG,49,1,1013,0.388,18.5,0.404,0.122,0.167,0.053,0.061,0.596,0.412,0.828,0.127
276,Robert Williams,28,POR,C,59,1,1008,0.708,4.5,0.908,0.644,0.224,0.032,0.008,0.092,0.696,1,0.826
277,Guerschon Yabusele,30,2TM,C,67,19,1007,0.401,17.3,0.372,0.189,0.138,0.032,0.013,0.628,0.679,0.986,0.332
277,Guerschon Yabusele,30,NYK,C,41,0,366,0.393,17,0.364,0.243,0.084,0.028,0.009,0.636,0.727,0.95,0.412
277,Guerschon Yabusele,30,CHI,C,26,19,641,0.405,17.6,0.376,0.161,0.166,0.034,0.015,0.624,0.647,1,0.289
278,Aaron Gordon,30,DEN,PF,36,33,1005,0.497,13.7,0.606,0.294,0.148,0.093,0.07,0.394,0.642,0.852,0.242
279,Nae'Qwan Tomlin,25,CLE,PF,64,3,1004,0.478,10.4,0.634,0.503,0.121,0.01,0,0.366,0.659,0.963,0.609
280,Mike Conley,38,MIN,PG,54,15,991,0.335,21.1,0.228,0.056,0.107,0.037,0.028,0.772,0.75,0.929,0.277
281,Olivier-Maxence Prosper,23,MEM,PF,53,24,984,0.549,12.6,0.577,0.357,0.183,0.026,0.011,0.423,0.758,0.95,0.365
282,Tyus Jones,29,3TM,PG,67,12,979,0.349,19.1,0.372,0.05,0.193,0.092,0.037,0.628,0.583,0.8,0.219
282,Tyus Jones,29,ORL,PG,48,8,754,0.342,19.2,0.354,0.057,0.19,0.089,0.019,0.646,0.542,0.833,0.225
282,Tyus Jones,29,DAL,PG,8,2,133,0.382,18.9,0.441,0.059,0.147,0.118,0.118,0.559,0.667,0.75,0.158
282,Tyus Jones,29,DEN,PG,11,2,92,0.346,19.3,0.385,0,0.269,0.077,0.038,0.615,0.667,0.667,0.25
283,Justin Edwards,22,PHI,SF,64,12,977,0.447,17.6,0.438,0.159,0.15,0.094,0.034,0.563,0.513,0.91,0.167
284,Ochai Agbaji,25,2TM,SG,62,13,973,0.436,13.7,0.543,0.346,0.161,0.025,0.011,0.457,0.83,0.941,0.43
284,Ochai Agbaji,25,TOR,SG,42,13,650,0.424,11.1,0.618,0.441,0.159,0.012,0.006,0.382,0.783,1,0.523
284,Ochai Agbaji,25,BRK,SG,20,0,323,0.455,16.4,0.427,0.2,0.164,0.045,0.018,0.573,0.929,0.909,0.333
285,Goga Bitadze,26,ORL,C,64,3,972,0.676,3.3,0.951,0.729,0.191,0.027,0.004,0.049,0.687,1,0.364
286,Rob Dillingham,21,2TM,PG,65,0,970,0.396,12.9,0.677,0.245,0.248,0.097,0.087,0.323,0.339,0.786,0.195
286,Rob Dillingham,21,MIN,PG,35,0,326,0.333,12.2,0.766,0.227,0.27,0.128,0.142,0.234,0.4,0.75,0.212
286,Rob Dillingham,21,CHI,PG,30,0,644,0.428,13.5,0.631,0.255,0.236,0.081,0.059,0.369,0.314,0.8,0.19
287,Al Horford,39,GSW,C,45,13,969,0.426,18.3,0.367,0.099,0.222,0.034,0.012,0.633,0.703,0.986,0.215
288,T.J. McConnell,33,IND,PG,56,4,963,0.538,11.7,0.889,0.144,0.278,0.318,0.149,0.111,0.292,0.938,0.16
289,Kobe Brown,26,2TM,PF,61,10,963,0.469,15,0.487,0.303,0.148,0.026,0.011,0.513,0.533,0.923,0.374
289,Kobe Brown,26,LAC,PF,34,0,295,0.393,16.4,0.417,0.214,0.179,0.012,0.012,0.583,0.5,0.923,0.327
289,Kobe Brown,26,IND,PF,27,10,668,0.503,13.7,0.519,0.342,0.134,0.032,0.011,0.481,0.545,0.923,0.4
290,Anthony Gill,33,WAS,PF,55,8,951,0.628,8.6,0.777,0.423,0.312,0.042,0,0.223,0.737,1,0.354
291,Kasparas Jakučionis,19,MIA,PG,53,12,945,0.429,17.8,0.345,0.189,0.126,0.025,0.004,0.655,0.417,0.985,0.314
292,Jalen Williams,24,OKC,SG,33,33,936,0.484,10.2,0.827,0.294,0.26,0.213,0.061,0.173,0.358,0.739,0.169
293,Jordan Poole,26,NOP,PG,39,8,933,0.372,19.2,0.351,0.153,0.133,0.038,0.027,0.649,0.42,0.688,0.101
294,Clint Capela,31,HOU,C,75,3,926,0.52,3.1,0.991,0.63,0.344,0.013,0.004,0.009,0.624,1,0.5
295,Ben Saraf,19,BRK,SG,44,11,916,0.396,10.6,0.703,0.333,0.304,0.053,0.013,0.297,0.366,0.789,0.189
296,Micah Peavy,24,NOP,SG,61,4,913,0.385,12.6,0.607,0.313,0.2,0.073,0.022,0.393,0.59,1,0.444
297,Karlo Matković,24,NOP,PF,62,2,912,0.604,10.8,0.617,0.447,0.157,0.013,0,0.383,0.731,0.974,0.522
298,Josh Green,25,CHO,SG,58,0,908,0.459,19.4,0.238,0.138,0.083,0.017,0,0.762,0.72,1,0.594
299,Micah Potter,27,IND,C,47,7,908,0.515,16.1,0.427,0.249,0.143,0.003,0.031,0.573,0.738,1,0.452
300,Isaiah Jackson,24,2TM,C,55,14,908,0.637,3.2,0.987,0.629,0.321,0.025,0.013,0.013,0.616,,0.667
300,Isaiah Jackson,24,IND,C,38,14,638,0.582,3.3,0.994,0.606,0.345,0.024,0.018,0.006,0.615,,0
300,Isaiah Jackson,24,LAC,C,17,0,270,0.764,3,0.972,0.681,0.264,0.028,0,0.028,0.618,,1
301,Dylan Cardwell,24,SAC,C,44,1,907,0.587,4.8,0.978,0.441,0.453,0.078,0.011,0.022,0.718,1,0.75
302,Dwight Powell,34,DAL,C,63,12,904,0.644,3.8,0.931,0.683,0.238,0,0.01,0.069,0.81,1,0.714
303,Paul Reed,26,DET,C,65,11,901,0.617,6.9,0.882,0.413,0.369,0.071,0.029,0.118,0.724,0.923,0.3
304,Jaden Hardy,23,2TM,SG,57,4,898,0.424,18.4,0.389,0.107,0.145,0.1,0.037,0.611,0.385,0.827,0.309
304,Jaden Hardy,23,DAL,SG,34,4,428,0.402,18.6,0.361,0.082,0.155,0.098,0.026,0.639,0.5,0.783,0.315
304,Jaden Hardy,23,WAS,SG,23,0,470,0.443,18.3,0.413,0.128,0.136,0.102,0.047,0.587,0.304,0.862,0.304
305,Quenton Jackson,27,IND,PG,49,19,897,0.47,12.6,0.64,0.329,0.213,0.04,0.058,0.36,0.563,0.952,0.212
306,Jaylen Clark,24,MIN,SG,68,1,888,0.434,13.1,0.557,0.285,0.206,0.066,0,0.443,0.5,0.97,0.574
307,Cam Thomas,24,2TM,SG,42,8,881,0.41,15.4,0.636,0.128,0.197,0.197,0.113,0.364,0.336,0.558,0.131
307,Cam Thomas,24,BRK,SG,24,8,582,0.399,16,0.62,0.097,0.221,0.185,0.117,0.38,0.365,0.605,0.094
307,Cam Thomas,24,MIL,SG,18,0,299,0.431,14.8,0.667,0.19,0.15,0.222,0.105,0.333,0.288,0.429,0.216
308,Bryce McGowens,23,NOP,SG,42,13,880,0.481,12.6,0.608,0.266,0.257,0.072,0.013,0.392,0.605,0.921,0.441
309,Gabe Vincent,29,2TM,PG,53,7,879,0.352,22,0.199,0.051,0.065,0.06,0.023,0.801,0.353,0.847,0.26
309,Gabe Vincent,29,LAL,PG,29,7,559,0.346,22.5,0.208,0.023,0.077,0.077,0.031,0.792,0.429,0.895,0.272
309,Gabe Vincent,29,ATL,PG,24,0,320,0.36,21.5,0.186,0.093,0.047,0.035,0.012,0.814,0.3,0.762,0.243
310,Jonas Valančiūnas,33,DEN,C,65,6,871,0.582,7.3,0.933,0.333,0.387,0.169,0.044,0.067,0.562,0.875,0.038
311,Jevon Carter,30,2TM,PG,53,1,867,0.401,21,0.3,0.072,0.052,0.081,0.094,0.7,0.489,0.808,0.302
311,Jevon Carter,30,CHI,PG,23,0,254,0.398,20.9,0.243,0.097,0.068,0.029,0.049,0.757,0.444,0.813,0.295
311,Jevon Carter,30,ORL,PG,30,1,613,0.402,21.1,0.328,0.059,0.044,0.108,0.118,0.672,0.5,0.804,0.307
312,Trendon Watford,25,PHI,PF,53,7,864,0.515,8.6,0.813,0.317,0.425,0.06,0.011,0.187,0.523,1,0.2
313,Julian Strawther,23,DEN,SG,57,14,861,0.467,15.3,0.53,0.154,0.241,0.129,0.006,0.47,0.637,0.948,0.287
314,Jalen Wilson,25,BRK,PF,54,2,859,0.396,16.3,0.453,0.162,0.237,0.05,0.004,0.547,0.518,0.981,0.263
315,Caleb Martin,30,DAL,SF,58,12,856,0.45,12.2,0.698,0.312,0.18,0.085,0.122,0.302,0.554,1,0.649
316,Kenrich Williams,31,OKC,PF,56,2,855,0.473,14.8,0.564,0.264,0.155,0.064,0.081,0.436,0.522,0.92,0.225
317,Kyle Anderson,32,3TM,SF,43,5,853,0.53,7.7,0.946,0.243,0.559,0.124,0.02,0.054,0.437,1,0.727
317,Kyle Anderson,32,UTA,SF,20,0,401,0.523,6.5,0.954,0.239,0.633,0.073,0.009,0.046,0.556,1,0.6
317,Kyle Anderson,32,MEM,SF,4,3,89,0.789,9.1,0.947,0.105,0.579,0.211,0.053,0.053,0.286,1,1
317,Kyle Anderson,32,MIN,SF,19,2,363,0.473,7.5,0.932,0.284,0.446,0.176,0.027,0.068,0.314,,0.8
318,Daeqwon Plowden,27,SAC,SG,32,7,844,0.43,18.5,0.333,0.136,0.172,0.025,0,0.667,0.741,0.952,0.247
319,Josh Minott,23,2TM,PF,49,11,834,0.5,17.1,0.393,0.214,0.151,0.02,0.008,0.607,0.629,0.953,0.261
319,Josh Minott,23,BOS,PF,33,10,526,0.507,16.1,0.434,0.228,0.169,0.029,0.007,0.566,0.686,0.941,0.312
319,Josh Minott,23,BRK,SF,16,1,308,0.491,18.1,0.345,0.198,0.129,0.009,0.009,0.655,0.556,0.967,0.211
320,Javon Small,23,MEM,PG,41,12,830,0.465,16.2,0.507,0.177,0.212,0.066,0.052,0.493,0.365,0.5,0.07
321,Jonathan Kuminga,23,2TM,PF,36,14,830,0.463,12,0.69,0.271,0.26,0.13,0.029,0.31,0.459,0.914,0.4
321,Jonathan Kuminga,23,GSW,PF,20,13,476,0.454,11.1,0.727,0.247,0.33,0.119,0.031,0.273,0.465,0.941,0.34
321,Jonathan Kuminga,23,ATL,PF,16,1,354,0.476,12.8,0.641,0.303,0.166,0.145,0.028,0.359,0.451,0.889,0.462
322,Jalen Green,23,PHO,SG,32,27,828,0.422,15.8,0.557,0.223,0.131,0.078,0.125,0.443,0.331,0.606,0.198
323,Vince Williams Jr.,25,2TM,SG,40,12,820,0.353,18.4,0.394,0.11,0.164,0.099,0.021,0.606,0.375,0.873,0.186
323,Vince Williams Jr.,25,MEM,PG,34,12,736,0.352,18.1,0.398,0.114,0.163,0.098,0.023,0.602,0.341,0.918,0.17
323,Vince Williams Jr.,25,UTA,SG,6,0,84,0.357,18.6,0.357,0.071,0.179,0.107,0,0.643,0.75,0.5,0.333
324,Buddy Hield,33,2TM,SG,51,3,819,0.437,19.4,0.352,0.159,0.11,0.037,0.046,0.648,0.609,0.919,0.222
324,Buddy Hield,33,GSW,SG,44,3,768,0.433,18.8,0.35,0.163,0.113,0.037,0.037,0.65,0.587,0.925,0.221
324,Buddy Hield,33,ATL,SG,7,0,51,0.481,20.1,0.37,0.111,0.074,0.037,0.148,0.63,0.833,0.857,0.235
325,Carter Bryant,20,SAS,PF,71,0,818,0.408,16,0.415,0.279,0.079,0.049,0.008,0.585,0.661,0.981,0.465
326,Nikola Jović,22,MIA,PF,47,1,808,0.366,15.7,0.468,0.191,0.232,0.025,0.019,0.532,0.686,0.933,0.269
327,Jalen Pickett,26,DEN,SG,50,18,807,0.422,18.2,0.453,0.103,0.155,0.103,0.091,0.547,0.49,0.776,0.22
328,Keegan Murray,25,SAC,PF,23,22,793,0.42,15.9,0.627,0.083,0.24,0.223,0.08,0.373,0.537,0.935,0.161
329,Aaron Holiday,29,HOU,PG,57,1,781,0.417,20,0.325,0.067,0.139,0.083,0.036,0.675,0.237,0.94,0.3
330,Tyrese Martin,26,2TM,SG,46,6,777,0.394,17.6,0.404,0.17,0.173,0.043,0.018,0.596,0.482,0.887,0.2
330,Tyrese Martin,26,BRK,SG,37,6,696,0.392,17.7,0.404,0.161,0.184,0.043,0.016,0.596,0.469,0.882,0.197
330,Tyrese Martin,26,PHI,SG,9,0,81,0.409,17.4,0.409,0.273,0.045,0.045,0.045,0.591,0.571,1,0.231
331,Kristaps Porziņģis,30,2TM,C,32,23,769,0.446,16.2,0.588,0.16,0.198,0.124,0.106,0.412,0.563,0.981,0.106
331,Kristaps Porziņģis,30,ATL,C,17,12,413,0.457,15.8,0.59,0.181,0.171,0.119,0.119,0.41,0.615,1,0.174
331,Kristaps Porziņģis,30,GSW,C,15,11,356,0.433,16.5,0.584,0.135,0.23,0.129,0.09,0.416,0.5,0.957,0.027
332,Jabari Walker,23,PHI,PF,64,6,762,0.455,12.5,0.554,0.39,0.131,0.019,0.014,0.446,0.508,1,0.516
333,Noah Penda,21,ORL,SF,59,2,757,0.404,13.9,0.542,0.241,0.256,0.025,0.02,0.458,0.442,0.933,0.376
334,Scoot Henderson,21,POR,PG,30,10,748,0.418,15.8,0.526,0.205,0.184,0.073,0.064,0.474,0.384,0.772,0.185
335,Pete Nance,25,MIL,PF,47,6,737,0.515,17.1,0.387,0.211,0.155,0.015,0.005,0.613,0.72,0.98,0.319
336,Thomas Bryant,28,CLE,C,60,1,732,0.506,14.3,0.509,0.311,0.15,0.034,0.015,0.491,0.807,1,0.214
337,Steven Adams,32,HOU,C,32,11,730,0.504,2.6,1,0.655,0.309,0.036,0,0,0.514,,
338,Lonzo Ball,28,CLE,PG,35,3,728,0.301,22.5,0.165,0.097,0.023,0.023,0.023,0.835,0.538,0.85,0.197
339,Tyler Kolek,24,NYK,PG,62,1,727,0.435,15.6,0.54,0.173,0.218,0.133,0.016,0.46,0.344,0.727,0.14
340,Leonard Miller,22,2TM,SF,46,12,719,0.553,10.8,0.622,0.466,0.134,0.019,0.004,0.378,0.69,0.969,0.465
340,Leonard Miller,22,MIN,SF,19,0,95,0.545,10.7,0.636,0.424,0.212,0,0,0.364,0.706,1,0.75
340,Leonard Miller,22,CHI,SF,27,12,624,0.555,11,0.62,0.472,0.122,0.022,0.004,0.38,0.688,0.968,0.425
341,Grant Williams,27,CHO,PF,36,3,711,0.426,20.4,0.268,0.06,0.115,0.071,0.022,0.732,0.731,0.942,0.351
342,Nick Richards,28,2TM,C,48,6,701,0.512,5.6,0.91,0.488,0.338,0.065,0.02,0.09,0.724,1,0.667
342,Nick Richards,28,PHO,C,28,2,254,0.493,5.2,1,0.38,0.437,0.141,0.042,0,0.743,,
342,Nick Richards,28,CHI,C,20,4,447,0.523,5.9,0.862,0.546,0.285,0.023,0.008,0.138,0.714,1,0.667
343,Sharife Cooper,24,WAS,PG,41,1,700,0.514,12.2,0.692,0.312,0.178,0.138,0.065,0.308,0.245,0.69,0.382
344,Devin Carter,23,SAC,PG,38,12,700,0.414,13.6,0.61,0.205,0.329,0.062,0.014,0.39,0.33,0.667,0.096
345,Jett Howard,22,ORL,SF,55,0,695,0.418,17,0.422,0.167,0.187,0.04,0.028,0.578,0.667,0.926,0.297
346,Jordan Hawkins,23,NOP,SG,51,1,692,0.366,18.9,0.475,0.105,0.066,0.109,0.195,0.525,0.596,0.894,0.193
347,Rasheer Fleming,21,PHO,PF,55,1,673,0.405,16.1,0.395,0.279,0.074,0.023,0.019,0.605,0.738,1,0.546
348,Jahmai Mashack,23,MEM,SG,31,7,673,0.395,12.6,0.615,0.287,0.272,0.041,0.015,0.385,0.655,0.895,0.213
349,Tristan Vukcevic,22,WAS,C,49,12,671,0.479,16.2,0.546,0.17,0.17,0.142,0.063,0.454,0.745,0.88,0.056
350,Jaden Ivey,23,2TM,SG,37,5,670,0.445,17.6,0.477,0.145,0.191,0.09,0.051,0.523,0.578,0.88,0.164
350,Jaden Ivey,23,DET,SG,33,2,555,0.45,16.9,0.486,0.141,0.205,0.095,0.045,0.514,0.579,0.881,0.177
350,Jaden Ivey,23,CHI,SG,4,3,115,0.417,18.3,0.417,0.167,0.111,0.056,0.083,0.583,0.571,0.875,0.095
351,Tre Mann,24,CHO,PG,53,1,669,0.36,17.7,0.488,0.122,0.172,0.135,0.059,0.512,0.322,0.66,0.187
352,Gary Harris,31,MIL,SG,48,2,661,0.442,18.4,0.346,0.106,0.144,0.067,0.029,0.654,0.611,1,0.544
353,Ethan Thompson,26,IND,SG,32,13,653,0.378,17.7,0.408,0.133,0.143,0.107,0.026,0.592,0.694,0.947,0.388
354,Jamaree Bouyea,26,PHO,PG,46,1,644,0.458,13.9,0.669,0.191,0.246,0.106,0.127,0.331,0.447,0.609,0.205
355,Johnny Furphy,21,IND,SG,35,21,643,0.47,13.6,0.523,0.302,0.208,0,0.013,0.477,0.766,0.957,0.408
356,Mohamed Diawara,20,NYK,SF,69,7,634,0.423,17.9,0.39,0.197,0.103,0.042,0.047,0.61,0.619,0.979,0.254
357,Zeke Nnaji,25,DEN,PF,52,4,626,0.47,11.6,0.642,0.43,0.139,0.02,0.053,0.358,0.789,1,0.333
358,Anthony Davis,32,DAL,PF,20,20,626,0.506,9.2,0.889,0.332,0.278,0.156,0.123,0.111,0.56,0.9,0.135
359,Dorian Finney-Smith,32,HOU,PF,37,1,620,0.333,19.6,0.242,0.182,0.053,0.008,0,0.758,0.588,0.926,0.39
360,Kam Jones,23,IND,SG,37,7,616,0.402,14.6,0.556,0.154,0.337,0.047,0.018,0.444,0.391,0.818,0.24
361,Kevin Love,37,UTA,PF,37,5,613,0.397,19.5,0.286,0.151,0.085,0.035,0.015,0.714,0.654,1,0.169
362,Taurean Prince,31,MIL,SF,26,7,611,0.45,20.3,0.267,0.063,0.089,0.089,0.026,0.733,0.64,0.885,0.486
363,Jase Richardson,20,ORL,SG,54,0,587,0.473,14.1,0.58,0.191,0.277,0.085,0.027,0.42,0.574,0.929,0.329
364,Tidjane Salaün,20,CHO,PF,37,0,575,0.503,15.1,0.478,0.27,0.208,0,0,0.522,0.75,0.972,0.337
365,Ja Morant,26,MEM,PG,20,20,569,0.41,12.5,0.736,0.227,0.258,0.177,0.075,0.264,0.241,0.7,0.141
366,Domantas Sabonis,29,SAC,C,19,15,564,0.543,6.6,0.878,0.421,0.376,0.077,0.005,0.122,0.678,1,0.222
367,Dalton Knecht,24,LAL,SF,54,1,553,0.455,17.9,0.419,0.157,0.12,0.115,0.026,0.581,0.694,0.947,0.252
368,Drew Eubanks,28,SAC,C,42,11,552,0.596,6.4,0.955,0.314,0.494,0.135,0.013,0.045,0.826,1,0.714
369,Dalen Terry,23,2TM,SG,48,0,551,0.439,12.7,0.574,0.335,0.187,0.026,0.026,0.426,0.477,0.958,0.485
369,Dalen Terry,23,CHI,SG,34,0,377,0.441,13,0.549,0.363,0.157,0.01,0.02,0.451,0.538,1,0.522
369,Dalen Terry,23,PHI,SG,14,0,174,0.434,12.5,0.623,0.283,0.245,0.057,0.038,0.377,0.389,0.8,0.4
370,Tyrese Proctor,21,CLE,PG,50,1,545,0.413,17.8,0.418,0.169,0.138,0.062,0.049,0.582,0.404,0.696,0.16
371,Elijah Harkless,25,UTA,SG,26,9,545,0.335,16.3,0.453,0.186,0.168,0.062,0.037,0.547,0.424,0.952,0.33
372,Terrence Shannon Jr.,25,MIN,SG,43,2,538,0.45,13.7,0.556,0.345,0.14,0.035,0.035,0.444,0.457,0.677,0.382
373,Keaton Wallace,26,ATL,PG,53,3,536,0.398,19.8,0.404,0.041,0.123,0.175,0.064,0.596,0.4,0.895,0.078
374,Moussa Cisse,23,DAL,C,38,1,530,0.574,1.8,1,0.791,0.209,0,0,0,0.682,,
375,Cole Anthony,25,MIL,PG,35,0,527,0.424,14,0.688,0.143,0.268,0.199,0.078,0.312,0.211,0.727,0.236
376,Jayson Tatum,27,BOS,PF,16,16,522,0.411,16.8,0.502,0.171,0.167,0.098,0.066,0.498,0.239,0.532,0.07
377,Jonathan Isaac,28,ORL,PF,52,0,521,0.422,11,0.651,0.404,0.165,0.046,0.037,0.349,0.641,1,0.711
378,Jamison Battle,24,TOR,SF,61,2,517,0.51,17.3,0.414,0.228,0.103,0.048,0.034,0.586,0.846,1,0.318
379,Asa Newell,20,ATL,PF,44,2,500,0.538,12.1,0.556,0.402,0.154,0,0,0.444,0.677,1,0.6
380,Ariel Hukporti,23,NYK,C,54,5,498,0.563,4.8,0.95,0.55,0.35,0.05,0,0.05,0.864,1,0
381,Trayce Jackson-Davis,25,2TM,C,53,1,496,0.573,2.3,0.992,0.71,0.282,0,0,0.008,0.714,1,0
381,Trayce Jackson-Davis,25,GSW,C,36,1,411,0.588,2.9,0.99,0.667,0.324,0,0,0.01,0.78,1,0
381,Trayce Jackson-Davis,25,TOR,C,17,0,85,0.5,1.6,1,0.909,0.091,0,0,0,0.364,,
382,D'Angelo Russell,29,DAL,PG,26,3,495,0.405,17.3,0.517,0.086,0.194,0.159,0.078,0.483,0.295,0.758,0.152
383,Taelon Peter,23,IND,SG,38,0,492,0.38,21.6,0.209,0.152,0.032,0,0.025,0.791,0.737,0.927,0.24
384,Bez Mbeng,22,UTA,SG,15,5,492,0.5,10.3,0.69,0.32,0.34,0.03,0,0.31,0.705,0.833,0.355
385,Amir Coffey,28,2TM,SG,46,3,490,0.487,15.3,0.566,0.177,0.177,0.133,0.08,0.434,0.553,1,0.49
385,Amir Coffey,28,MIL,SG,30,2,265,0.473,15.6,0.545,0.2,0.127,0.127,0.091,0.455,0.526,1,0.64
385,Amir Coffey,28,PHO,SG,16,1,225,0.5,14.9,0.586,0.155,0.224,0.138,0.069,0.414,0.579,1,0.333
386,Branden Carlson,26,OKC,C,42,4,488,0.527,13.4,0.538,0.349,0.167,0.011,0.011,0.462,0.836,1,0.174
387,Jamal Cain,26,ORL,SF,40,1,486,0.487,14.8,0.52,0.224,0.184,0.079,0.033,0.48,0.739,0.929,0.534
388,Cam Christie,20,LAC,SG,55,0,480,0.381,12.5,0.647,0.245,0.281,0.115,0.007,0.353,0.732,1,0.265
389,Matisse Thybulle,28,POR,SG,30,0,480,0.433,18.5,0.306,0.179,0.119,0.007,0,0.694,0.524,0.973,0.366
390,Jeremy Sochan,22,2TM,PF,44,0,469,0.496,10.7,0.651,0.426,0.186,0.023,0.016,0.349,0.774,1,0.511
390,Jeremy Sochan,22,SAS,PF,28,0,358,0.475,10.9,0.646,0.394,0.222,0.02,0.01,0.354,0.789,1,0.514
390,Jeremy Sochan,22,NYK,PF,16,0,111,0.567,10.4,0.667,0.533,0.067,0.033,0.033,0.333,0.733,1,0.5
391,Maxi Kleber,34,LAL,PF,43,1,461,0.452,12.2,0.644,0.274,0.274,0.096,0,0.356,1,1,0.154
392,Marcus Sasser,25,DET,PG,38,5,457,0.39,19.1,0.401,0.085,0.136,0.096,0.085,0.599,0.56,0.818,0.255
393,AJ Johnson,21,2TM,SG,48,0,454,0.324,11,0.676,0.352,0.301,0.011,0.011,0.324,0.356,0.75,0.193
393,AJ Johnson,21,WAS,SG,25,0,214,0.325,11,0.699,0.301,0.361,0.024,0.012,0.301,0.35,0.857,0.16
393,AJ Johnson,21,DAL,SG,23,0,240,0.323,11,0.656,0.398,0.247,0,0.011,0.344,0.36,0.6,0.219
394,Bogdan Bogdanović,33,LAC,SG,23,3,452,0.388,19.6,0.375,0.112,0.105,0.099,0.059,0.625,0.231,0.667,0.105
395,Tony Bradley,28,2TM,C,41,4,450,0.547,6.8,0.966,0.504,0.359,0.043,0.06,0.034,0.677,1,1
395,Tony Bradley,28,IND,C,38,3,416,0.557,4.6,0.981,0.509,0.377,0.038,0.057,0.019,0.69,1,1
395,Tony Bradley,28,ATL,C,3,1,34,0.455,9,0.818,0.455,0.182,0.091,0.091,0.182,0.5,1,1
396,Larry Nance Jr.,33,CLE,PF,35,3,449,0.419,14.2,0.492,0.315,0.137,0.04,0,0.508,0.774,1,0.476
397,Oscar Tshiebwe,26,UTA,C,27,6,448,0.634,3.9,1,0.531,0.4,0.069,0,0,0.685,,
398,Doug McDermott,34,SAC,SF,29,0,439,0.388,23.9,0.115,0.029,0.043,0.043,0,0.885,0.667,1,0.154
399,Leaky Black,26,WAS,SF,15,9,433,0.388,18,0.466,0.136,0.087,0.146,0.097,0.534,0.571,0.947,0.473
400,Julian Phillips,22,2TM,SF,48,2,428,0.421,14.6,0.463,0.314,0.124,0.017,0.008,0.537,0.677,1,0.615
400,Julian Phillips,22,CHI,SF,35,2,334,0.42,14.6,0.443,0.352,0.068,0.011,0.011,0.557,0.714,1,0.612
400,Julian Phillips,22,MIN,SF,13,0,94,0.424,14.5,0.515,0.212,0.273,0.03,0,0.485,0.6,1,0.625
401,Moritz Wagner,28,ORL,C,36,0,427,0.426,11.5,0.641,0.251,0.369,0.021,0,0.359,0.836,0.909,0.229
402,Yanic Konan Niederhäuser,22,LAC,C,41,0,424,0.64,4.1,0.95,0.57,0.35,0.03,0,0.05,0.714,1,0.2
403,Obi Toppin,27,IND,PF,24,3,424,0.503,15.9,0.472,0.261,0.111,0.075,0.025,0.528,0.73,1,0.2
404,Khaman Maluach,19,PHO,C,46,1,411,0.533,6.9,0.8,0.629,0.152,0.019,0,0.2,0.627,1,0.333
405,Myron Gardner,24,MIA,SF,45,7,411,0.48,14.7,0.48,0.301,0.138,0.033,0.008,0.52,0.515,0.923,0.266
406,Andre Jackson Jr.,24,MIL,SG,48,1,408,0.328,15.3,0.496,0.252,0.16,0.067,0.017,0.504,0.625,0.8,0.4
407,Killian Hayes,24,SAC,PG,23,3,406,0.304,17.8,0.543,0.036,0.188,0.225,0.094,0.457,0.28,0.706,0.127
408,Jae'Sean Tate,30,HOU,SF,46,1,405,0.514,10.4,0.706,0.312,0.303,0.083,0.009,0.294,0.5,0.9,0.625
409,Julian Reese,22,WAS,PF,13,10,402,0.529,5,1,0.504,0.303,0.151,0.042,0,0.667,,
410,Dejounte Murray,29,NOP,PG,14,14,389,0.484,13.7,0.659,0.214,0.231,0.159,0.055,0.341,0.217,0.684,0.161
411,Trae Young,27,2TM,PG,15,15,384,0.458,17.2,0.548,0.147,0.175,0.153,0.073,0.452,0.426,0.481,0.1
411,Trae Young,27,ATL,PG,10,10,280,0.415,16.6,0.563,0.156,0.178,0.156,0.074,0.437,0.395,0.556,0.119
411,Trae Young,27,WAS,PG,5,5,104,0.595,17.9,0.5,0.119,0.167,0.143,0.071,0.5,0.5,0.333,0.048
412,Tyson Etienne,26,BRK,PG,24,2,380,0.4,21.1,0.255,0.069,0.09,0.034,0.062,0.745,0.467,0.86,0.296
413,Bronny James,21,LAL,SG,42,1,375,0.409,17.9,0.504,0.104,0.13,0.148,0.122,0.496,0.56,0.727,0.14
414,Nick Smith Jr.,21,LAL,SG,30,1,375,0.435,19.1,0.466,0.037,0.18,0.199,0.05,0.534,0.25,0.706,0.116
415,Cameron Payne,31,PHI,PG,22,1,374,0.376,20,0.349,0.094,0.161,0.074,0.02,0.651,0.25,0.531,0.041
416,Liam McNeeley,20,CHO,SF,31,0,368,0.4,18,0.368,0.126,0.211,0.032,0,0.632,0.714,0.958,0.35
417,Blake Wesley,22,POR,SG,31,0,361,0.452,11.2,0.71,0.395,0.145,0.113,0.056,0.29,0.391,1,0.278
418,Jeremiah Robinson-Earl,25,2TM,PF,22,3,361,0.37,12.6,0.59,0.35,0.16,0.05,0.03,0.41,0.481,1,0.561
418,Jeremiah Robinson-Earl,25,IND,PF,17,3,300,0.349,12.3,0.602,0.349,0.169,0.06,0.024,0.398,0.476,1,0.485
418,Jeremiah Robinson-Earl,25,DAL,PF,5,0,61,0.471,12.9,0.529,0.353,0.118,0,0.059,0.471,0.5,1,0.875
419,Kelly Olynyk,34,SAS,C,42,0,360,0.49,14.4,0.51,0.302,0.156,0.031,0.021,0.49,0.429,1,0.191
420,Malachi Smith,26,BRK,SG,15,4,359,0.485,14.8,0.535,0.202,0.253,0.061,0.02,0.465,0.393,0.85,0.217
421,Christian Koloko,25,3TM,C,27,4,357,0.419,6.8,0.878,0.446,0.297,0.108,0.027,0.122,0.833,1,0.444
421,Christian Koloko,25,LAL,C,2,0,6,,,,,,,,,,,
421,Christian Koloko,25,MEM,C,11,2,195,0.4,4.9,0.971,0.486,0.371,0.086,0.029,0.029,0.786,,0
421,Christian Koloko,25,ATL,C,14,2,156,0.436,8.7,0.795,0.41,0.231,0.128,0.026,0.205,0.875,1,0.5
422,Kennedy Chandler,23,UTA,PG,11,2,355,0.445,11.6,0.723,0.255,0.343,0.088,0.036,0.277,0.37,0.733,0.263
423,Cam Whitmore,21,WAS,SF,21,0,354,0.456,12.1,0.669,0.361,0.213,0.047,0.047,0.331,0.59,0.625,0.054
424,E.J. Liddell,25,BRK,PF,26,5,349,0.486,14.7,0.532,0.189,0.27,0.054,0.018,0.468,0.5,1,0.385
425,Brooks Barnhizer,23,OKC,SG,40,0,348,0.38,12.5,0.662,0.282,0.183,0.169,0.028,0.338,0.55,0.857,0.458
426,Chaney Johnson,23,BRK,SF,17,1,348,0.543,10.6,0.681,0.436,0.181,0.064,0,0.319,0.5,0.778,0.167
427,Isaiah Livers,27,PHO,PF,36,0,347,0.344,17.7,0.375,0.172,0.141,0.031,0.031,0.625,0.5,1,0.45
428,Lachlan Olbrich,22,CHI,C,37,2,344,0.468,8.3,0.753,0.494,0.247,0,0.013,0.247,0.706,1,0.368
429,Ty Jerome,28,MEM,SG,15,15,339,0.474,16.9,0.535,0.098,0.242,0.172,0.023,0.465,0.3,0.238,0.05
430,Ron Harper Jr.,25,BOS,SF,29,3,318,0.418,19.7,0.273,0.118,0.118,0.036,0,0.727,0.389,0.964,0.35
431,Joan Beringer,19,MIN,PF,40,3,314,0.663,1.9,1,0.806,0.194,0,0,0,0.738,,
432,Jalen Slawson,26,IND,SF,13,6,311,0.442,15.9,0.481,0.26,0.143,0.039,0.039,0.519,0.842,1,0.2
433,Kevon Looney,29,NOP,C,21,8,308,0.417,8.3,0.783,0.533,0.15,0.05,0.05,0.217,0.304,1,0.077
434,Tyler Burton,25,MEM,SF,12,0,307,0.375,16.8,0.411,0.214,0.134,0.054,0.009,0.589,0.65,0.955,0.197
435,Yang Hansen,20,POR,C,43,1,300,0.31,13.5,0.58,0.25,0.27,0.06,0,0.42,0.615,1,0.238
436,Pat Connaughton,33,CHO,SG,42,0,297,0.447,17.1,0.388,0.153,0.212,0.024,0,0.612,0.765,1,0.346
437,LJ Cryer,24,GSW,PG,18,1,292,0.402,23,0.197,0.009,0.068,0.06,0.06,0.803,0.5,0.784,0.181
438,Max Strus,29,CLE,SF,12,5,288,0.443,20.6,0.226,0.151,0.057,0.019,0,0.774,0.5,0.939,0.268
439,Lindy Waters III,28,SAS,SG,40,0,285,0.375,23.3,0.102,0.057,0.023,0.011,0.011,0.898,0.667,0.926,0.278
440,Blake Hinson,26,UTA,SF,14,3,285,0.513,19.1,0.313,0.122,0.122,0.052,0.017,0.687,0.864,0.946,0.405
441,Zach Edey,23,MEM,C,11,11,284,0.633,5.2,0.949,0.418,0.469,0.061,0,0.051,0.82,1,0
442,Jordan McLaughlin,29,SAS,PG,44,0,282,0.418,15.2,0.494,0.241,0.152,0.089,0.013,0.506,0.313,0.882,0.425
443,Keshad Johnson,24,MIA,SF,32,0,280,0.49,12,0.577,0.423,0.125,0.019,0.01,0.423,0.658,0.923,0.364
444,Malevy Leons,26,GSW,SF,25,2,276,0.444,8.7,0.778,0.361,0.375,0.028,0.014,0.222,0.536,1,0.688
445,Malaki Branham,22,WAS,SG,28,0,275,0.473,13.2,0.593,0.253,0.297,0.033,0.011,0.407,0.552,0.929,0.135
446,Cormac Ryan,27,MIL,SG,11,2,271,0.52,16.9,0.422,0.186,0.147,0.069,0.02,0.578,0.385,0.889,0.237
447,Chaz Lanier,24,DET,SG,34,0,262,0.315,22.6,0.247,0.022,0.022,0.09,0.112,0.753,0.778,0.947,0.269
448,Duop Reath,29,POR,C,32,0,258,0.446,19.3,0.257,0.176,0.081,0,0,0.743,0.7,0.957,0.4
449,KJ Simpson,23,2TM,PG,20,2,257,0.343,11.3,0.596,0.273,0.182,0.131,0.01,0.404,0.273,0.75,0.15
449,KJ Simpson,23,CHO,PG,14,2,223,0.348,14.9,0.562,0.27,0.157,0.124,0.011,0.438,0.316,0.75,0.154
449,KJ Simpson,23,DEN,PG,6,0,34,0.3,7.8,0.9,0.3,0.4,0.2,0,0.1,0,,0
450,John Poulakidas,22,DAL,SG,13,0,253,0.429,23.7,0.154,0.011,0.011,0.088,0.044,0.846,0.875,0.968,0.182
451,Jonathan Mogbo,24,TOR,PF,40,0,249,0.591,3.6,0.977,0.545,0.364,0.068,0,0.023,0.731,,1
452,Adama-Alpha Bal,22,MEM,SG,8,1,241,0.412,18.3,0.353,0.176,0.103,0.044,0.029,0.647,0.7,0.833,0.318
453,Nate Williams,26,GSW,SG,14,2,239,0.489,10.9,0.659,0.284,0.364,0.011,0,0.341,0.667,0.923,0.6
454,Drew Timme,25,LAL,PF,27,1,235,0.576,14,0.621,0.182,0.197,0.227,0.015,0.379,0.667,1,0.36
455,DeJon Jarreau,28,MEM,SG,11,0,231,0.398,12.9,0.639,0.301,0.157,0.157,0.024,0.361,0.552,1,0.267
456,Chris Paul,40,LAC,PG,16,0,228,0.321,19.3,0.464,0.018,0.125,0.232,0.089,0.536,0.125,0.5,0.133
457,A.J. Lawson,25,TOR,SG,24,0,226,0.436,14.8,0.423,0.295,0.128,0,0,0.577,0.933,1,0.644
458,Lucas Williamson,27,MEM,SG,7,2,224,0.333,19.2,0.293,0.173,0.08,0.04,0,0.707,0.7,1,0.226
459,JD Davison,23,HOU,PG,28,0,218,0.375,16.6,0.5,0.078,0.25,0.156,0.016,0.5,0.375,1,0.219
460,Toby Okani,24,MEM,SG,6,4,217,0.357,15.3,0.557,0.157,0.214,0.1,0.086,0.443,0.688,0.889,0.323
461,PJ Hall,23,2TM,C,19,2,214,0.508,7.5,0.915,0.644,0.22,0.017,0.034,0.085,0.741,1,0.6
461,PJ Hall,23,MEM,C,7,0,27,0.556,11.3,0.667,0.333,0.333,0,0,0.333,1,1,0.333
461,PJ Hall,23,CHO,C,12,2,187,0.5,3.7,0.96,0.7,0.2,0.02,0.04,0.04,0.696,1,1
462,Scotty Pippen Jr.,25,MEM,PG,10,6,212,0.448,13,0.667,0.24,0.198,0.188,0.042,0.333,0.455,0.8,0.156
463,DaRon Holmes,23,DEN,PF,25,6,210,0.508,19.8,0.262,0.164,0.066,0.033,0,0.738,1,1,0.222
464,Yuki Kawamura,24,CHI,PG,18,0,209,0.327,20.7,0.288,0.096,0.019,0.154,0.019,0.712,0.667,1,0.216
465,RayJ Dennis,24,3TM,PG,17,0,206,0.313,17.6,0.458,0.133,0.193,0.108,0.024,0.542,0.583,0.714,0.156
465,RayJ Dennis,24,IND,PG,13,0,168,0.306,17.5,0.472,0.125,0.194,0.125,0.028,0.528,0.6,0.75,0.158
465,RayJ Dennis,24,LAC,PG,1,0,4,,,,,,,,,,,
465,RayJ Dennis,24,ATL,PG,3,0,34,0.364,17.7,0.364,0.182,0.182,0,0,0.636,0.5,0.5,0.143
466,DeAndre Jordan,37,NOP,C,12,7,199,0.656,1.9,1,0.781,0.188,0.031,0,0,0.619,,
467,Garrison Mathews,29,IND,SG,15,1,196,0.404,23.3,0.115,0.058,0.038,0.019,0,0.885,1,1,0.37
468,MarJon Beauchamp,25,PHI,SF,14,1,196,0.434,18.2,0.382,0.184,0.105,0.053,0.039,0.618,0.706,0.813,0.213
469,Nigel Hayes-Davis,31,PHO,SF,27,0,195,0.326,14.9,0.652,0.087,0.283,0.239,0.043,0.348,0.385,1,0.188
470,Chris Youngblood,23,2TM,SG,34,0,185,0.349,23.7,0.143,0.032,0.063,0.032,0.016,0.857,0.75,1,0.259
470,Chris Youngblood,23,OKC,SG,32,0,174,0.333,23,0.15,0.033,0.067,0.033,0.017,0.85,0.75,1,0.255
470,Chris Youngblood,23,POR,SG,2,0,11,0.667,24.4,0,0,0,0,0,1,,1,0.333
471,Zach Collins,28,CHI,C,10,0,184,0.578,10.8,0.672,0.422,0.156,0.078,0.016,0.328,0.821,1,0.429
472,Dariq Whitehead,21,MEM,SF,6,2,183,0.398,18.9,0.355,0.14,0.151,0.032,0.032,0.645,0.889,0.947,0.167
473,Xavier Tillman Sr.,27,2TM,C,30,1,183,0.435,11.5,0.609,0.261,0.304,0.043,0,0.391,0.706,1,0.278
473,Xavier Tillman Sr.,27,BOS,C,14,1,111,0.452,14.3,0.516,0.194,0.29,0.032,0,0.484,0.727,1,0.333
473,Xavier Tillman Sr.,27,CHO,C,16,0,72,0.4,8.6,0.8,0.4,0.333,0.067,0,0.2,0.667,,0
474,Tre Scott,29,BRK,PF,6,4,182,0.38,12.9,0.62,0.32,0.14,0.14,0.02,0.38,0.692,0.833,0.368
475,Jeff Green,39,HOU,PF,30,0,175,0.368,19.9,0.353,0.118,0.088,0.074,0.074,0.647,0.538,0.917,0.341
476,Mason Plumlee,35,2TM,C,20,3,172,0.786,1.2,1,0.857,0.143,0,0,0,0.818,,
476,Mason Plumlee,35,CHO,C,14,2,125,0.75,1.4,1,0.833,0.167,0,0,0,0.889,,
476,Mason Plumlee,35,SAS,C,6,1,47,1,0.9,1,1,0,0,0,0,0.5,,
477,Andersson Garcia,25,UTA,SF,5,2,169,0.31,12.9,0.552,0.241,0.31,0,0,0.448,0.625,1,0.308
478,Tyler Smith,21,DAL,PF,12,0,166,0.42,18.1,0.3,0.22,0.06,0,0.02,0.7,0.545,1,0.486
479,Hunter Tyson,25,DEN,PF,21,2,162,0.269,18.1,0.365,0.135,0.173,0.019,0.038,0.635,0.714,0.857,0.212
480,Nikola Topić,20,OKC,PG,10,2,160,0.431,10.9,0.706,0.235,0.392,0.078,0,0.294,0.5,0.833,0.067
481,Kevin McCullar Jr.,24,NYK,SF,21,0,155,0.426,16,0.489,0.255,0.128,0.021,0.085,0.511,0.583,0.75,0.25
482,Walker Kessler,24,UTA,C,5,5,154,0.703,7.5,0.784,0.459,0.324,0,0,0.216,0.6,1,0.25
483,Joe Ingles,38,MIN,SF,27,2,153,0.593,17.8,0.407,0.222,0.074,0,0.111,0.593,0.778,0.714,0.188
484,Charles Bassey,25,4TM,C,13,0,153,0.66,3.1,1,0.489,0.362,0.149,0,0,0.71,,
484,Charles Bassey,25,MEM,C,2,0,31,0.375,4.4,1,0.375,0.5,0.125,0,0,0.667,,
484,Charles Bassey,25,PHI,C,1,0,5,1,1.2,1,1,0,0,0,0,1,,
484,Charles Bassey,25,BOS,C,5,0,17,0.857,2.6,1,0.714,0.286,0,0,0,0.667,,
484,Charles Bassey,25,GSW,C,5,0,100,0.677,4.2,1,0.452,0.355,0.194,0,0,0.714,,
485,Adou Thiero,21,LAL,SF,25,0,149,0.516,5.2,0.903,0.548,0.355,0,0,0.097,0.867,1,0
486,Thanasis Antetokounmpo,33,MIL,SF,34,0,148,0.469,6.4,0.875,0.469,0.375,0,0.031,0.125,0.667,,0.75
487,Alijah Martin,24,TOR,SG,23,0,146,0.32,13.6,0.58,0.3,0.16,0.12,0,0.42,0.583,1,0.238
488,Amari Williams,24,BOS,PF,22,2,146,0.5,3.4,1,0.5,0.45,0.05,0,0,0.8,,
489,Bismack Biyombo,33,SAS,C,25,1,141,0.6,3,1,0.667,0.333,0,0,0,0.778,,
490,Tolu Smith,25,DET,PF,15,0,137,0.5,2.4,1,0.611,0.389,0,0,0,0.611,,
491,Pacôme Dadiet,20,NYK,SG,29,0,136,0.333,19.5,0.333,0.146,0.083,0.063,0.042,0.667,0.889,1,0.344
492,Mac McClung,27,2TM,SG,11,0,135,0.39,16,0.492,0.288,0.153,0.034,0.017,0.508,0.563,0.857,0.1
492,Mac McClung,27,IND,SG,3,0,34,0.389,17.3,0.444,0.222,0.167,0.056,0,0.556,0.8,0.5,0
492,Mac McClung,27,CHI,SG,8,0,101,0.39,14.7,0.512,0.317,0.146,0.024,0.024,0.488,0.455,1,0.15
493,Miles Kelly,23,DAL,PG,14,0,134,0.364,20.1,0.25,0.091,0.068,0.023,0.068,0.75,0.833,0.9,0.606
494,Seth Curry,35,GSW,SG,10,0,133,0.49,20.5,0.49,0.02,0.122,0.061,0.286,0.51,0.75,1,0.32
495,Bradley Beal,32,LAC,SG,6,6,121,0.375,16.1,0.604,0.125,0.146,0.208,0.125,0.396,0.727,1,0.211
496,Kobe Bufkin,22,LAL,SG,16,1,119,0.3,17.9,0.48,0.1,0.24,0.04,0.1,0.52,0.5,0.8,0.192
497,Kyle Lowry,39,PHI,PG,14,0,118,0.16,26.7,0,0,0,0,0,1,,1,0.08
498,Dereck Lively II,21,DAL,C,7,4,115,0.611,2,1,0.778,0.222,0,0,0,0.727,,
499,Trey Alexander,22,NOP,SG,9,0,111,0.514,14.3,0.676,0.135,0.216,0.243,0.081,0.324,0.538,1,0.333
500,Omer Yurtseven,27,GSW,C,9,0,104,0.423,7.4,0.846,0.385,0.385,0.077,0,0.154,0.545,,0.5
501,Luke Travers,24,CLE,SG,12,0,103,0.25,12.7,0.556,0.361,0.167,0,0.028,0.444,0.625,1,0.25
502,Patrick Baldwin Jr.,23,3TM,SF,9,1,102,0.407,18.1,0.481,0.185,0.259,0.037,0,0.519,0.4,1,0.286
502,Patrick Baldwin Jr.,23,LAC,SF,2,0,12,0.75,21.6,0.25,0,0.25,0,0,0.75,0,1,0
502,Patrick Baldwin Jr.,23,PHI,SF,1,0,2,,,,,,,,,,,
502,Patrick Baldwin Jr.,23,SAC,SF,6,1,88,0.348,14.6,0.522,0.217,0.261,0.043,0,0.478,0.5,1,0.364
503,Alondes Williams,26,WAS,SG,4,0,101,0.615,15.6,0.462,0.385,0.038,0,0.038,0.538,0.727,1,0.286
504,Taj Gibson,40,MEM,C,10,1,97,0.462,10.7,0.769,0.269,0.308,0.154,0.038,0.231,0.889,1,0.833
505,Javonte Cooke,26,POR,SG,19,0,94,0.22,16.6,0.439,0.171,0.244,0.024,0,0.561,0.5,0.667,0.217
506,Chris Boucher,33,BOS,PF,9,0,94,0.32,16.8,0.4,0.24,0.12,0,0.04,0.6,0.667,1,0.2
507,Isaiah Crawford,24,HOU,SF,14,0,92,0.417,16,0.458,0.292,0.042,0.042,0.083,0.542,0.714,1,0.692
508,Haywood Highsmith,29,PHO,SF,7,0,91,0.522,17.7,0.391,0.13,0.217,0.043,0,0.609,0.75,0.875,0.143
509,Johnny Juzang,24,MIN,SG,21,0,88,0.421,19.1,0.368,0.105,0.079,0.132,0.053,0.632,0.2,0.667,0.375
510,TyTy Washington Jr.,24,LAC,PG,16,0,88,0.474,14.8,0.579,0.158,0.316,0.105,0,0.421,0.5,0.667,0.125
511,Curtis Jones,24,DEN,SG,10,0,88,0.407,20.1,0.333,0.037,0.222,0.074,0,0.667,0.8,0.667,0.111
512,Tristan Enaruna,24,CLE,SF,9,0,85,0.5,10.4,0.643,0.393,0.214,0.036,0,0.357,0.727,1,0.6
513,Koby Brea,23,PHO,SG,12,0,84,0.417,22.7,0.167,0.083,0.028,0.056,0,0.833,0,0.846,0.167
514,Trey Jemison,26,NYK,C,13,0,82,0.6,7,1,0.1,0.6,0.3,0,0,1,,
515,Josh Oduro,25,NOP,PF,3,1,82,0.647,6.7,0.882,0.529,0.235,0.118,0,0.118,0.545,,0.5
516,Caleb Houstan,23,ATL,SF,18,0,75,0.538,21,0.192,0.077,0.115,0,0,0.808,1,1,0.333
517,Eric Gordon,37,PHI,SG,6,0,74,0.571,18.9,0.333,0.238,0.095,0,0,0.667,0.75,1,0.143
518,Keshon Gilbert,22,2TM,SG,4,0,74,0.417,11,0.75,0.333,0.333,0.083,0,0.25,0.4,,0.333
518,Keshon Gilbert,22,WAS,PG,3,0,48,0.25,13.9,0.5,0.25,0.25,0,0,0.5,0,,0
518,Keshon Gilbert,22,ATL,SG,1,0,26,0.5,8,0.875,0.375,0.375,0.125,0,0.125,0.5,,1
519,Garrett Temple,39,TOR,SG,22,0,73,0.267,22,0.2,0,0.133,0.067,0,0.8,0,1,0.333
520,David Roddy,24,DEN,PF,5,0,73,0.5,10.6,0.633,0.5,0.133,0,0,0.367,0.25,1,0.182
521,Bobi Klintman,22,DET,SF,12,0,71,0.333,15.2,0.519,0.111,0.37,0,0.037,0.481,0.8,1,0.308
522,David Jones García,24,SAS,SF,11,0,68,0.52,7.7,0.8,0.52,0.28,0,0,0.2,0.1,0.667,0
523,Antonio Reeves,25,CHO,SG,10,0,68,0.5,18.3,0.35,0.15,0.1,0.1,0,0.65,0.667,1,0.462
524,Kadary Richmond,24,WAS,SG,3,0,67,0.625,9.1,0.75,0.438,0.25,0.063,0,0.25,0.5,1,0.25
525,Monte Morris,30,IND,PG,6,0,65,0.35,13.8,0.6,0.25,0.2,0.1,0.05,0.4,0.6,1,0.375
526,Drew Peterson,26,CHO,PF,6,0,64,0.125,20.2,0.25,0.188,0.063,0,0,0.75,0.5,,0.417
527,Payton Sandfort,23,OKC,SF,4,0,63,0.5,17.2,0.346,0.154,0.192,0,0,0.654,0.833,1,0.471
528,Dalano Banton,26,2TM,PG,6,0,62,0.333,6.8,0.917,0.25,0.5,0.167,0,0.083,0.25,,0
528,Dalano Banton,26,LAC,PG,2,0,10,0.75,4.6,1,0.75,0,0.25,0,0,0.333,,
528,Dalano Banton,26,BOS,PG,4,0,52,0.125,9.1,0.875,0,0.75,0.125,0,0.125,0,,0
529,Wendell Moore Jr.,24,DET,SG,6,0,60,0.571,5.8,0.857,0.286,0.571,0,0,0.143,0.5,,1
530,DaQuan Jeffries,28,SAC,SG,3,0,60,0.579,12.8,0.526,0.421,0.105,0,0,0.474,0.857,1,0.444
531,Jahmir Young,25,MIA,PG,14,0,58,0.4,12.9,0.64,0.24,0.2,0.2,0,0.36,0.571,1,0.333
532,James Wiseman,24,IND,C,4,1,58,0.6,4.6,1,0.5,0.4,0,0.1,0,0.667,,
533,Riley Minix,25,2TM,SF,9,0,58,0.609,14.2,0.478,0.304,0.13,0,0.043,0.522,0.4,1,0.583
533,Riley Minix,25,SAS,SF,3,0,8,0.667,13.1,0.5,0.5,0,0,0,0.5,0.333,1,0.333
533,Riley Minix,25,CLE,SF,6,0,50,0.588,15.3,0.471,0.235,0.176,0,0.059,0.529,0.429,1,0.667
534,Johni Broome,23,PHI,C,11,0,55,0.167,9,0.792,0.333,0.333,0.125,0,0.208,0.25,,0.2
535,Cody Martin,30,IND,SF,4,0,55,0.2,15.5,0.5,0.1,0.3,0.1,0,0.5,0.5,,0.4
536,Lawson Lovering,22,MEM,C,2,1,49,0.6,2.6,1,0.5,0.5,0,0,0,0.667,,
537,Chris Mañon,24,LAL,SG,9,0,46,0.333,14.3,0.5,0.333,0.167,0,0,0.5,0.5,,0.333
538,Mouhamadou Gueye,27,CHI,PF,2,0,45,0.545,11.4,0.545,0.545,0,0,0,0.455,0.8,1,0.6
539,Mo Bamba,27,2TM,C,4,0,44,0.455,2.8,1,0.727,0.091,0.182,0,0,0.8,,
539,Mo Bamba,27,TOR,C,2,0,6,0,2,1,1,0,0,0,0,,,
539,Mo Bamba,27,UTA,C,2,0,38,0.556,3.7,1,0.667,0.111,0.222,0,0,0.8,,
540,Zyon Pullin,24,MIN,SG,5,0,43,0.692,10.2,0.769,0.308,0.462,0,0,0.231,0.25,1,0
541,Isaiah Stevens,25,SAC,PG,3,0,43,0.429,8.5,0.857,0.429,0.286,0.143,0,0.143,0.667,,0
542,John Tonje,24,BOS,SG,6,0,42,0.286,19.6,0.286,0.143,0.143,0,0,0.714,1,1,0.2
543,Hunter Dickinson,25,NOP,C,5,0,42,0.357,12.9,0.714,0,0.571,0.143,0,0.286,0.8,,0.25
544,Dario Šarić,31,SAC,C,5,0,41,0.167,15.3,0.5,0.333,0,0,0.167,0.5,,1,0.667
545,CJ Huntley,24,PHO,SF,4,0,40,0.545,9.7,0.727,0.545,0.091,0,0.091,0.273,1,,0.333
546,Dillon Jones,24,NYK,SF,7,0,39,0.222,18.3,0.444,0.222,0,0.222,0,0.556,0,1,0.2
547,Olivier Sarr,26,CLE,C,4,0,39,0.714,11.6,0.571,0.571,0,0,0,0.429,0.667,1,0
548,Skal Labissière,29,WAS,PF,3,0,38,0.6,16.5,0.5,0.2,0.1,0.1,0.1,0.5,1,1,0.2
549,Enrique Freeman,25,MIN,PF,4,0,37,0.5,16.3,0.5,0.25,0,0.125,0.125,0.5,1,1,0.75
550,Max Shulga,23,BOS,SG,11,1,36,0.25,19.3,0.5,0.125,0.125,0.125,0.125,0.5,1,1,0
551,Markelle Fultz,27,TOR,PG,5,0,36,0.182,10.6,1,0.091,0.364,0.364,0.182,0,0.5,,
552,Rocco Zikarsky,19,MIN,C,5,0,36,0.625,5.7,1,0.5,0.375,0,0.125,0,1,,
553,Isaac Jones,25,2TM,PF,7,1,36,0.429,10.6,0.714,0.571,0.143,0,0,0.286,0.333,,0.5
553,Isaac Jones,25,SAC,PF,3,1,17,0.5,14,0.5,0.5,0,0,0,0.5,0,,0
553,Isaac Jones,25,DET,PF,4,0,19,0.4,7.1,0.8,0.6,0.2,0,0,0.2,0.5,,1
554,Grant Nelson,23,BRK,PF,4,0,35,0.556,4.1,1,0.556,0.333,0.111,0,0,1,,
555,Emanuel Miller,25,CHI,PF,5,0,33,0.462,15.2,0.538,0.231,0.231,0,0.077,0.462,1,1,0.333
556,Jahmyl Telfort,24,LAC,PF,8,0,32,0,24.1,0,0,0,0,0,1,,,0.5
557,Sean Pedulla,23,LAC,PG,7,0,31,0.333,20.9,0.333,0,0.133,0.133,0.067,0.667,0.5,1,0.2
558,Harrison Ingram,23,SAS,SF,7,0,26,0.833,6.9,0.833,0.5,0.333,0,0,0.167,0.75,1,0
559,Hunter Sallis,22,PHI,SG,7,0,26,0.6,5.4,1,0.4,0.4,0.2,0,0,0.333,,
560,Mark Sears,23,MIL,PG,7,0,26,0.462,19.2,0.385,0.077,0.154,0.154,0,0.615,0,0.75,0
561,Orlando Robinson,25,ORL,C,4,1,25,0.6,13,0.6,0.4,0.2,0,0,0.4,1,1,0
562,Hayden Gray,22,UTA,SG,1,0,25,0.667,15.8,0.667,0,0.333,0.333,0,0.333,0,,0
563,Vladislav Goldin,24,MIA,C,9,0,24,0.75,1.5,1,0.75,0.25,0,0,0,1,,
564,Norchad Omier,24,LAC,PF,6,0,24,0.7,6.2,0.9,0.6,0.2,0.1,0,0.1,0.857,,0
565,Alex Morales,28,ORL,PG,4,0,24,0.429,8.2,0.857,0.286,0.429,0.143,0,0.143,0,,0
566,Jayson Kent,23,POR,SF,5,0,22,0.571,15.2,0.429,0.429,0,0,0,0.571,0.667,1,0.25
567,Alex Antetokounmpo,24,MIL,SF,6,0,21,0.375,23.9,0.125,0,0,0.125,0,0.875,1,1,0.429
568,Colin Castleton,25,ORL,C,4,0,21,0.4,6.2,1,0.2,0.8,0,0,0,0.5,,
569,Brandon Clarke,29,MEM,PF,2,2,20,0.333,4.1,1,0.556,0.444,0,0,0,0.667,,
570,Jacob Toppin,25,ATL,SF,5,0,17,0.667,4.8,1,0.5,0.167,0.333,0,0,0.5,,
571,Chris Livingston,22,CLE,SF,3,0,17,0.571,11.7,0.571,0.429,0.143,0,0,0.429,0.75,,1
572,Trevor Keels,22,MIA,SG,8,0,15,0.25,21.8,0.25,0.083,0.083,0,0.083,0.75,1,1,0.111
573,Buddy Boeheim,26,OKC,SF,4,0,15,0.333,24.8,0,0,0,0,0,1,,1,0.667
574,N'Faly Dante,24,ATL,C,4,0,15,0.25,4.3,1,0.5,0.25,0.25,0,0,1,,
575,Chucky Hepburn,22,TOR,PG,2,0,13,0,23,0.167,0,0,0.167,0,0.833,,,0
576,Tristen Newton,24,HOU,SG,1,0,12,0.444,17.1,0.444,0.111,0.222,0,0.111,0.556,1,1,0.4
577,Tosan Evbuomwan,24,NYK,SF,5,0,8,0,6.2,1,0,1,0,0,0,,,
578,Stanley Umude,26,SAS,SG,2,0,7,0.5,16.4,0.5,0,0.5,0,0,0.5,1,,1
579,Colby Jones,23,DET,SG,1,0,7,0.333,16.9,0.333,0,0.333,0,0,0.667,0,,1
580,Noa Essengue,19,CHI,PF,2,0,6,0,16.9,0.333,0.333,0,0,0,0.667,,,0.5
581,Trentyn Flowers,20,CHI,SF,2,0,6,0.667,8.3,0.667,0.667,0,0,0,0.333,0.5,,1
582,Darius Brown II,26,CLE,SG,1,0,3,0,17.5,1,0,0,0,1,0,,,