,Player,Age,Team,Pos,G,GS,MP,FG,FGA,FG%,3P,3PA,3P%,2P,2PA,2P%,eFG%,FT,FTA,FT%,ORB,DRB,TRB,AST,STL,BLK,TOV,PF,PTS,Dist.,% of FGA by 0-3 feet,% of FGA by 3-10 feet,% of FGA by 10-16 feet,% of FGA by 16 feet - 3P,% of FGA by 3P area,% of 2PFG Ast'd,% of 3P Ast'd,%3PA Corner,PER,TS%,3PAr,FTr,ORB%,DRB%,TRB%,AST%,STL%,BLK%,TOV%,USG%,OWS,DWS,WS,WS/48,OBPM,DBPM,BPM,VORP,Cluster_Label,cluster_labels_name
0,Amen Thompson,23,HOU,PG,79,79,2953,9.4,17.7,0.534,0.4,2.0,0.216,9.0,15.7,0.573,0.545,5.1,6.6,0.779,4.0,6.4,10.4,7.1,2.0,0.8,3.2,3.0,24.4,7.8,0.383,0.333,0.112,0.06,0.111,0.53,0.96,0.586,18.9,0.594,0.111,0.374,8.9,14.0,11.5,20.4,2.0,1.5,13.5,20.0,6.5,3.8,10.3,0.167,1.6,1.0,2.6,3.4,7,Point Forward
1,Kevin Durant,37,HOU,SF,78,78,2840,12.6,24.2,0.52,3.3,7.9,0.413,9.3,16.3,0.572,0.588,7.2,8.2,0.874,0.7,6.8,7.5,6.5,1.1,1.2,4.3,2.5,35.6,16.4,0.065,0.145,0.307,0.156,0.327,0.472,0.731,0.102,21.1,0.641,0.327,0.339,1.6,14.8,8.3,20.7,1.1,2.3,13.5,27.1,7.5,3.2,10.7,0.18,4.4,0.1,4.5,4.7,0,Ball Dominant Player
2,Desmond Bane,27,ORL,SG,82,82,2756,10.2,21.0,0.484,2.9,7.4,0.391,7.2,13.6,0.535,0.553,5.5,6.0,0.908,1.7,4.2,5.9,5.9,1.5,0.6,2.9,4.4,28.7,13.5,0.226,0.251,0.105,0.065,0.354,0.526,0.796,0.197,16.9,0.607,0.354,0.287,3.9,9.8,6.8,19.3,1.5,1.2,10.8,23.3,4.8,2.6,7.4,0.129,1.6,-0.2,1.4,2.3,1,Secondary Playmakers
3,Toumani Camara,25,POR,PF,82,82,2731,6.9,15.6,0.44,3.8,10.4,0.37,3.0,5.2,0.579,0.563,1.7,2.4,0.708,2.3,5.1,7.4,3.5,1.6,0.6,2.5,4.1,19.2,18.1,0.175,0.135,0.02,0.006,0.664,0.659,0.886,0.296,11.3,0.578,0.664,0.154,5.0,11.7,8.4,10.4,1.6,1.1,13.1,16.3,2.1,2.7,4.8,0.084,-1.0,0.0,-1.0,0.7,6,Versatile Role Players
4,Jabari Smith Jr.,22,HOU,PF,77,77,2705,8.1,18.0,0.45,3.3,9.0,0.363,4.8,9.0,0.537,0.541,3.0,3.9,0.775,2.0,7.8,9.8,2.6,1.0,1.3,1.9,3.5,22.4,16.8,0.137,0.147,0.155,0.061,0.501,0.67,0.966,0.357,13.5,0.57,0.501,0.215,4.5,17.0,10.8,7.3,1.0,2.4,9.0,18.2,3.4,3.3,6.6,0.118,-0.5,-0.2,-0.7,0.9,5,Pure Shooter
5,Mikal Bridges,29,NYK,SF,82,82,2692,8.7,17.7,0.49,2.9,7.7,0.371,5.8,10.0,0.582,0.571,1.5,1.8,0.827,1.5,4.3,5.7,5.6,2.0,1.1,1.5,2.9,21.8,15.0,0.202,0.144,0.168,0.049,0.436,0.684,0.987,0.455,15.3,0.587,0.436,0.102,3.3,9.7,6.5,15.9,2.0,2.4,7.6,17.3,4.7,3.3,8.0,0.143,1.3,1.4,2.7,3.2,5,Pure Shooter
6,Scottie Barnes,24,TOR,PF,80,80,2681,10.4,20.4,0.507,1.2,4.1,0.304,9.1,16.4,0.557,0.537,4.4,5.4,0.815,2.7,8.2,10.9,8.6,2.1,2.1,3.8,3.8,26.3,10.6,0.302,0.249,0.181,0.069,0.199,0.557,0.926,0.259,19.2,0.577,0.199,0.264,6.3,19.3,12.7,26.3,2.1,4.2,14.3,23.4,3.3,4.5,7.8,0.14,1.9,2.3,4.2,4.2,7,Point Forward
7,Tyrese Maxey,25,PHI,PG,70,70,2661,12.6,27.2,0.462,4.0,10.9,0.367,8.6,16.4,0.525,0.536,6.7,7.6,0.892,0.4,4.8,5.3,8.4,2.4,1.0,3.1,2.7,35.9,14.9,0.232,0.203,0.094,0.073,0.399,0.378,0.595,0.077,21.9,0.588,0.399,0.278,1.0,11.0,5.9,28.9,2.4,1.9,9.2,29.4,5.9,2.8,8.7,0.156,5.0,0.5,5.4,4.9,0,Ball Dominant Player
8,Jamal Murray,28,DEN,PG,75,75,2652,12.1,25.0,0.483,4.5,10.4,0.435,7.6,14.7,0.517,0.573,6.4,7.2,0.887,0.6,5.5,6.1,9.8,1.2,0.5,3.1,2.4,35.1,16.3,0.127,0.195,0.14,0.124,0.414,0.342,0.563,0.107,21.8,0.622,0.414,0.287,1.4,12.0,7.0,31.1,1.2,1.0,10.0,27.9,7.8,1.7,9.5,0.173,5.5,-1.4,4.1,4.1,0,Ball Dominant Player
9,Derrick White,31,BOS,SG,77,77,2625,8.4,21.4,0.394,4.0,12.3,0.327,4.4,9.0,0.487,0.489,3.5,3.9,0.902,1.7,4.9,6.5,8.0,1.7,1.9,2.6,2.3,24.4,19.2,0.073,0.159,0.125,0.065,0.578,0.474,0.718,0.114,16.0,0.529,0.578,0.184,3.7,10.4,7.1,22.2,1.7,3.8,10.1,22.0,3.5,3.5,7.0,0.129,2.2,1.0,3.2,3.5,1,Secondary Playmakers
10,VJ Edgecombe,20,PHI,SG,75,75,2623,8.3,19.0,0.438,2.7,7.7,0.354,5.6,11.2,0.496,0.51,2.7,3.3,0.818,2.2,5.5,7.8,5.8,2.0,0.7,2.5,3.9,22.1,14.8,0.222,0.176,0.124,0.069,0.409,0.437,0.812,0.138,14.0,0.54,0.409,0.176,5.0,12.7,8.8,17.4,2.0,1.4,11.0,20.1,1.9,2.5,4.4,0.081,-0.4,-0.1,-0.5,1.0,1,Secondary Playmakers
11,Julius Randle,31,MIN,PF,79,79,2610,10.6,22.1,0.481,2.0,6.3,0.315,8.6,15.8,0.547,0.526,7.3,9.1,0.802,2.4,7.3,9.7,7.3,1.6,0.3,4.0,4.1,30.5,12.1,0.27,0.229,0.14,0.074,0.287,0.439,0.853,0.22,18.4,0.585,0.287,0.411,5.7,16.5,11.2,23.1,1.6,0.6,13.2,26.5,4.3,3.1,7.4,0.135,1.5,0.0,1.5,2.3,7,Point Forward
12,Brandon Ingram,28,TOR,SF,77,77,2604,11.5,24.1,0.477,2.5,6.6,0.382,9.0,17.5,0.512,0.529,5.5,6.7,0.82,1.2,6.9,8.1,5.3,1.1,1.0,3.5,2.8,31.0,14.8,0.147,0.136,0.266,0.177,0.274,0.424,0.933,0.252,16.3,0.573,0.274,0.276,2.7,16.1,9.4,16.8,1.1,2.0,11.5,26.9,1.5,3.1,4.6,0.084,1.0,-0.5,0.5,1.7,0,Ball Dominant Player
13,Nickeil Alexander-Walker,27,ATL,SG,78,71,2603,9.9,21.7,0.459,4.6,11.4,0.399,5.4,10.3,0.525,0.564,5.0,5.6,0.902,0.9,3.9,4.9,5.2,1.9,0.8,2.9,3.1,29.5,16.3,0.216,0.128,0.078,0.052,0.526,0.519,0.92,0.262,16.5,0.61,0.526,0.257,2.1,9.1,5.6,15.8,1.9,1.5,10.9,23.9,3.6,2.7,6.3,0.116,1.6,-0.4,1.2,2.1,1,Secondary Playmakers
14,Jalen Brunson,29,NYK,PG,74,74,2590,13.2,28.2,0.467,3.7,10.1,0.369,9.5,18.1,0.522,0.533,6.8,8.1,0.841,0.6,4.1,4.7,9.6,1.1,0.2,3.4,3.3,36.9,15.2,0.116,0.222,0.207,0.097,0.358,0.213,0.559,0.167,20.1,0.58,0.358,0.285,1.3,9.4,5.3,31.3,1.1,0.3,9.5,30.4,6.5,2.2,8.8,0.163,4.0,-0.9,3.1,3.3,0,Ball Dominant Player
15,Payton Pritchard,28,BOS,PG,79,50,2556,10.0,21.6,0.464,4.2,11.1,0.377,5.8,10.5,0.556,0.561,2.4,2.7,0.89,1.4,4.8,6.2,8.1,1.1,0.2,2.2,2.3,26.6,18.4,0.083,0.171,0.173,0.057,0.515,0.245,0.736,0.075,17.1,0.584,0.515,0.125,3.0,10.2,6.7,23.5,1.1,0.4,8.7,21.4,6.1,2.4,8.5,0.16,2.6,-0.3,2.3,2.8,1,Secondary Playmakers
16,Kon Knueppel,20,CHO,SF,81,80,2551,10.0,21.1,0.475,5.3,12.5,0.425,4.7,8.6,0.548,0.601,3.8,4.4,0.863,1.9,6.5,8.4,5.3,1.1,0.4,3.1,3.3,29.1,17.9,0.141,0.171,0.078,0.018,0.592,0.591,0.923,0.209,17.1,0.633,0.592,0.208,4.4,14.6,9.6,16.6,1.1,0.7,12.0,22.3,5.6,2.5,8.0,0.151,3.1,-0.4,2.8,3.1,1,Secondary Playmakers
17,Jalen Johnson,24,ATL,SF,72,72,2532,11.2,22.9,0.489,2.2,6.4,0.352,9.0,16.5,0.541,0.537,5.6,7.1,0.788,1.9,11.9,13.8,10.6,1.7,0.6,4.6,2.8,30.2,12.0,0.252,0.273,0.144,0.053,0.278,0.481,0.825,0.065,20.4,0.581,0.278,0.311,4.3,27.8,15.9,33.5,1.7,1.1,14.9,27.0,3.6,3.9,7.5,0.141,2.8,1.4,4.2,4.0,7,Point Forward
18,Dyson Daniels,22,ATL,SG,76,76,2520,7.5,14.6,0.517,0.4,2.2,0.188,7.1,12.4,0.576,0.532,1.4,2.3,0.615,3.4,6.3,9.7,8.4,2.8,0.6,2.5,3.1,16.9,7.3,0.409,0.382,0.057,0.001,0.151,0.574,1.0,0.333,15.5,0.542,0.151,0.157,7.8,14.7,11.2,23.9,2.8,1.1,14.0,16.0,3.1,3.6,6.6,0.126,-0.6,1.8,1.3,2.1,4,Modern Two-Way Bigs
19,Paolo Banchero,23,ORL,PF,72,72,2502,10.2,22.1,0.459,1.6,5.3,0.305,8.5,16.8,0.507,0.496,8.8,11.3,0.775,1.6,10.0,11.6,7.2,1.0,0.8,4.3,2.8,30.7,11.1,0.289,0.261,0.151,0.06,0.239,0.445,0.762,0.178,17.6,0.566,0.239,0.512,3.8,23.4,13.5,23.4,1.0,1.4,13.6,27.6,2.0,3.0,5.0,0.095,1.4,0.0,1.4,2.1,7,Point Forward
20,Donte DiVincenzo,29,MIN,SG,82,82,2494,6.5,16.0,0.406,4.7,12.3,0.379,1.8,3.7,0.497,0.552,1.5,2.0,0.743,1.3,5.1,6.4,6.0,2.0,0.7,2.3,3.8,19.1,20.9,0.103,0.089,0.028,0.01,0.771,0.621,0.906,0.228,12.5,0.567,0.771,0.126,3.0,11.6,7.4,16.8,2.0,1.2,11.8,16.9,2.3,2.9,5.2,0.1,0.0,0.7,0.8,1.7,2,Low-Usage 3&D Wings
21,Jaylen Brown,29,BOS,SF,71,71,2443,15.2,32.0,0.477,2.9,8.4,0.347,12.3,23.6,0.523,0.522,8.8,11.1,0.795,1.7,8.5,10.2,7.5,1.5,0.6,5.4,4.0,42.2,13.6,0.16,0.262,0.171,0.145,0.262,0.324,0.536,0.119,22.0,0.573,0.262,0.347,3.7,18.1,11.1,25.9,1.5,1.1,12.7,36.2,3.5,3.4,6.9,0.135,3.5,-0.1,3.3,3.3,0,Ball Dominant Player
22,James Harden,36,2TM,PG,70,70,2438,9.8,22.6,0.434,4.3,11.5,0.375,5.5,11.1,0.495,0.529,9.3,10.6,0.884,0.8,6.0,6.8,11.2,1.6,0.6,4.9,2.8,33.3,16.8,0.139,0.224,0.093,0.033,0.51,0.114,0.414,0.052,20.7,0.61,0.51,0.467,1.9,13.6,7.9,34.7,1.6,1.1,15.3,28.6,5.6,2.1,7.7,0.151,4.6,-0.8,3.9,3.6,0,Ball Dominant Player
23,DeMar DeRozan,36,SAC,PF,77,77,2406,10.0,20.2,0.497,0.9,3.0,0.32,9.1,17.2,0.527,0.52,7.5,8.7,0.868,0.7,3.8,4.5,6.4,1.6,0.5,1.9,3.0,28.5,14.2,0.091,0.184,0.302,0.277,0.146,0.42,0.894,0.361,17.8,0.594,0.146,0.429,1.6,9.1,5.3,20.0,1.6,0.9,7.4,22.8,5.2,0.4,5.6,0.112,0.9,-1.0,-0.1,1.1,0,Ball Dominant Player
24,Alperen Şengün,23,HOU,C,72,72,2398,12.1,23.4,0.519,0.8,2.7,0.305,11.3,20.7,0.547,0.537,5.4,7.8,0.691,4.5,8.9,13.3,9.3,1.8,1.6,4.7,5.0,30.5,8.5,0.285,0.414,0.146,0.038,0.117,0.422,0.825,0.053,21.4,0.569,0.117,0.335,10.1,19.4,14.8,28.9,1.8,3.0,15.0,26.6,4.4,3.6,8.0,0.161,2.7,1.5,4.2,3.7,7,Point Forward
25,Miles Bridges,27,CHO,PF,77,77,2387,10.0,21.6,0.46,3.1,9.2,0.333,6.9,12.4,0.554,0.531,4.3,5.3,0.822,1.6,7.8,9.3,5.1,1.0,0.7,2.2,2.7,27.3,13.8,0.231,0.286,0.041,0.014,0.427,0.523,0.926,0.279,16.0,0.57,0.427,0.243,3.6,17.4,10.6,15.9,1.0,1.3,8.5,22.3,4.0,2.5,6.5,0.13,1.2,-0.1,1.1,1.9,6,Versatile Role Players
26,Rudy Gobert,33,MIN,C,76,76,2380,6.7,9.9,0.682,0.0,0.1,0.0,6.7,9.8,0.689,0.682,3.2,6.1,0.526,6.0,11.5,17.5,2.6,1.2,2.5,2.1,4.0,16.6,2.3,0.78,0.193,0.012,0.004,0.01,0.657,0.0,0.4,17.5,0.664,0.01,0.615,14.1,25.9,20.1,7.2,1.2,4.5,14.5,12.9,4.8,4.0,8.7,0.176,0.0,0.9,1.0,1.8,3,Traditional Big Man
27,Ryan Rollins,23,MIL,PG,74,67,2376,10.1,21.3,0.472,3.8,9.4,0.406,6.3,11.9,0.523,0.561,2.6,3.2,0.796,1.1,5.9,7.0,8.6,2.3,0.6,4.2,4.0,26.5,15.6,0.204,0.152,0.13,0.074,0.44,0.248,0.636,0.214,16.2,0.583,0.44,0.152,2.6,13.4,8.0,27.1,2.3,1.3,15.5,24.2,1.7,1.8,3.4,0.069,0.7,-0.5,0.2,1.3,1,Secondary Playmakers
28,Bam Adebayo,28,MIA,C,73,73,2365,9.9,22.5,0.442,2.5,7.8,0.318,7.4,14.6,0.509,0.497,6.5,8.3,0.778,2.9,11.4,14.4,4.6,1.7,1.0,2.4,2.4,28.8,13.3,0.205,0.252,0.148,0.045,0.349,0.612,0.961,0.313,18.7,0.551,0.349,0.369,6.5,25.7,16.1,14.1,1.7,1.8,8.3,25.0,2.8,3.6,6.4,0.129,1.5,0.4,2.0,2.4,7,Point Forward
29,Cooper Flagg,19,DAL,SF,70,70,2344,11.3,24.0,0.468,1.4,4.9,0.295,9.8,19.1,0.513,0.498,5.7,6.9,0.827,1.7,7.6,9.4,6.4,1.7,1.3,3.2,2.9,29.6,11.5,0.218,0.311,0.151,0.116,0.204,0.402,0.708,0.119,17.9,0.548,0.204,0.286,3.9,17.0,10.5,21.5,1.7,2.3,10.7,26.9,1.3,2.5,3.8,0.078,1.0,0.4,1.4,2.0,7,Point Forward
30,Donovan Mitchell,29,CLE,SG,70,70,2342,13.9,28.8,0.483,4.6,12.6,0.364,9.3,16.1,0.577,0.563,7.6,8.8,0.865,1.0,5.5,6.5,8.2,2.1,0.4,4.1,3.3,40.1,15.7,0.189,0.192,0.113,0.067,0.439,0.275,0.607,0.12,22.9,0.613,0.439,0.306,2.4,12.4,7.4,27.9,2.1,0.8,11.1,32.2,5.8,2.4,8.2,0.169,5.2,-0.2,5.1,4.2,0,Ball Dominant Player
31,Trey Murphy III,25,NOP,SF,66,66,2341,10.1,21.5,0.47,4.4,11.5,0.379,5.7,9.9,0.577,0.572,4.5,5.0,0.886,1.3,6.4,7.7,5.1,2.0,0.5,2.5,2.8,29.0,17.0,0.21,0.154,0.071,0.026,0.538,0.721,0.832,0.096,18.3,0.613,0.538,0.234,2.9,14.6,8.7,16.2,2.0,1.0,9.4,22.7,4.5,1.6,6.0,0.123,3.0,-0.6,2.4,2.6,1,Secondary Playmakers
32,Brandin Podziemski,22,GSW,SG,82,43,2333,8.2,18.0,0.455,3.2,8.6,0.371,5.0,9.4,0.531,0.543,4.0,5.0,0.797,1.5,7.2,8.7,6.3,1.8,0.3,2.7,2.8,23.5,16.5,0.15,0.174,0.13,0.069,0.476,0.548,0.824,0.143,15.0,0.583,0.476,0.278,3.4,16.9,10.0,19.2,1.8,0.6,11.9,20.1,2.8,2.3,5.1,0.105,0.3,-0.1,0.2,1.3,1,Secondary Playmakers
33,Karl-Anthony Towns,30,NYK,C,75,75,2322,11.0,22.0,0.501,2.4,6.6,0.368,8.6,15.5,0.557,0.556,7.6,8.9,0.858,5.0,14.0,19.0,4.8,1.4,0.9,4.0,5.4,32.1,10.8,0.408,0.224,0.034,0.037,0.297,0.577,0.947,0.049,22.0,0.619,0.297,0.403,11.2,31.7,21.4,14.7,1.4,1.8,13.3,25.9,5.5,4.0,9.5,0.197,2.7,0.6,3.3,3.1,4,Modern Two-Way Bigs
34,Jaden McDaniels,25,MIN,PF,73,73,2316,8.6,16.7,0.515,2.1,5.2,0.412,6.5,11.5,0.562,0.579,3.0,3.6,0.835,1.6,4.8,6.4,4.1,1.7,1.5,2.7,5.0,22.3,12.4,0.224,0.278,0.138,0.051,0.309,0.653,0.922,0.372,14.0,0.611,0.309,0.218,3.7,10.9,7.4,12.2,1.7,2.7,12.9,18.5,2.5,2.7,5.2,0.109,-0.9,0.6,-0.3,1.0,1,Secondary Playmakers
35,Onyeka Okongwu,25,ATL,C,74,63,2297,8.5,17.7,0.48,3.0,7.9,0.376,5.5,9.8,0.564,0.564,3.1,4.2,0.757,2.9,8.7,11.6,4.7,1.7,1.6,2.6,5.0,23.1,13.8,0.23,0.274,0.045,0.005,0.445,0.747,1.0,0.269,15.9,0.592,0.445,0.235,6.5,20.3,13.3,13.9,1.7,3.1,11.8,19.5,2.6,3.3,6.0,0.125,-0.1,0.8,0.7,1.6,6,Versatile Role Players
36,Luka Dončić,26,LAL,PG,64,64,2289,14.8,31.1,0.476,5.4,14.8,0.366,9.4,16.3,0.575,0.563,10.7,13.8,0.78,0.9,9.7,10.6,11.3,2.2,0.7,5.4,3.3,45.7,17.8,0.076,0.198,0.186,0.063,0.476,0.219,0.382,0.058,27.9,0.616,0.476,0.443,2.2,22.5,12.7,40.5,2.2,1.4,12.8,38.1,6.6,2.9,9.5,0.199,8.0,1.3,9.3,6.6,0,Ball Dominant Player
37,Wendell Carter Jr.,26,ORL,C,78,78,2288,6.8,13.4,0.512,1.5,4.7,0.319,5.3,8.6,0.618,0.568,4.2,5.2,0.792,3.4,8.7,12.1,3.2,1.3,1.0,2.1,5.6,19.4,12.5,0.333,0.163,0.1,0.049,0.355,0.736,1.0,0.332,14.1,0.617,0.355,0.392,7.8,20.5,14.1,9.5,1.3,1.9,11.8,15.6,3.4,2.8,6.2,0.131,-1.0,0.5,-0.6,0.8,6,Versatile Role Players
38,Collin Gillespie,26,PHO,PG,80,58,2282,7.6,18.2,0.418,5.0,12.5,0.401,2.6,5.7,0.455,0.556,1.6,1.9,0.874,1.9,5.2,7.1,8.0,2.1,0.3,2.7,2.8,21.9,21.3,0.056,0.082,0.128,0.048,0.686,0.375,0.746,0.151,15.3,0.575,0.686,0.103,4.2,12.0,8.0,23.3,2.1,0.7,12.4,18.7,3.6,2.5,6.2,0.13,1.9,0.6,2.5,2.6,1,Secondary Playmakers
39,Bub Carrington,20,WAS,PG,82,48,2271,6.5,15.5,0.424,3.5,8.6,0.408,3.0,6.8,0.443,0.538,1.7,2.3,0.73,0.7,5.1,5.8,7.9,1.1,0.4,4.0,3.8,18.3,20.1,0.053,0.109,0.116,0.163,0.559,0.29,0.698,0.13,9.9,0.556,0.559,0.15,1.5,11.7,6.5,23.0,1.1,0.7,19.5,18.0,-0.3,-0.1,-0.4,-0.009,-2.2,-2.5,-4.7,-1.6,1,Secondary Playmakers
40,A.J. Green,26,MIL,SG,78,68,2270,5.7,13.4,0.424,5.0,12.0,0.419,0.6,1.4,0.469,0.612,1.1,1.3,0.855,0.6,4.0,4.6,3.3,0.8,0.2,1.6,3.9,17.5,24.1,0.026,0.019,0.032,0.026,0.896,0.7,0.927,0.258,9.4,0.627,0.896,0.1,1.5,9.1,5.3,9.2,0.8,0.4,10.4,14.0,2.0,0.4,2.4,0.05,-1.5,-1.8,-3.3,-0.8,5,Pure Shooter
41,Julian Champagnie,24,SAS,SF,82,68,2266,6.4,14.6,0.437,4.1,10.9,0.381,2.2,3.8,0.599,0.578,2.4,2.9,0.844,1.6,8.5,10.0,2.7,1.3,0.8,1.5,2.8,19.3,19.6,0.154,0.078,0.02,0.004,0.743,0.698,0.974,0.363,13.1,0.609,0.743,0.196,3.6,18.4,11.2,7.3,1.3,1.5,8.4,15.2,2.8,3.4,6.2,0.132,0.5,0.8,1.4,1.9,5,Pure Shooter
42,Nikola Jokić,30,DEN,C,65,65,2265,13.9,24.4,0.569,2.4,6.4,0.38,11.5,18.0,0.636,0.618,8.6,10.3,0.831,4.1,13.9,18.0,15.0,2.0,1.1,5.2,3.7,38.8,11.5,0.216,0.374,0.11,0.04,0.261,0.564,0.804,0.061,32.3,0.67,0.261,0.424,10.0,30.4,20.7,50.3,2.0,2.2,15.3,30.4,11.5,3.4,14.9,0.316,10.1,4.1,14.2,9.2,0,Ball Dominant Player
43,CJ McCollum,34,2TM,PG,76,60,2264,11.0,24.1,0.455,4.0,10.7,0.375,7.0,13.5,0.519,0.538,3.8,4.9,0.772,1.3,4.0,5.3,6.1,1.3,0.7,2.8,3.0,29.7,16.4,0.135,0.185,0.146,0.092,0.442,0.347,0.665,0.151,15.9,0.566,0.442,0.205,2.9,9.2,6.0,19.7,1.3,1.4,9.7,25.7,1.9,1.0,3.0,0.063,1.4,-1.7,-0.3,1.0,1,Secondary Playmakers
44,Shai Gilgeous-Alexander,27,OKC,PG,68,68,2259,15.6,28.3,0.553,2.5,6.4,0.386,13.2,21.9,0.602,0.597,11.6,13.1,0.879,0.8,5.4,6.3,9.6,2.0,1.1,3.2,3.0,45.3,12.6,0.228,0.173,0.273,0.101,0.226,0.183,0.27,0.054,30.8,0.665,0.226,0.465,1.9,11.7,7.0,35.0,2.0,2.3,8.7,33.4,11.1,4.1,15.2,0.323,8.7,3.0,11.7,7.8,0,Ball Dominant Player
45,Matas Buzelis,21,CHI,PF,77,77,2248,9.3,20.1,0.463,3.6,10.3,0.349,5.7,9.7,0.583,0.553,3.9,5.0,0.786,1.6,7.7,9.3,3.3,1.1,2.4,3.3,3.7,26.1,14.5,0.319,0.145,0.013,0.008,0.514,0.553,0.925,0.253,14.8,0.586,0.514,0.247,3.7,17.3,10.6,10.3,1.1,4.5,13.0,22.8,0.4,2.1,2.6,0.055,-0.6,-0.4,-1.0,0.5,6,Versatile Role Players
46,Saddiq Bey,26,NOP,SF,72,64,2246,9.3,20.6,0.451,3.2,8.8,0.367,6.1,11.8,0.514,0.529,5.3,6.3,0.841,2.6,5.9,8.5,3.9,1.4,0.1,1.4,2.0,27.1,13.6,0.27,0.209,0.071,0.024,0.426,0.442,0.927,0.308,17.1,0.579,0.426,0.305,5.7,13.5,9.6,11.9,1.4,0.3,5.8,21.6,4.5,1.0,5.4,0.116,2.3,-1.8,0.5,1.4,6,Versatile Role Players
47,Max Christie,22,DAL,SG,77,68,2244,6.7,15.2,0.441,3.8,9.4,0.404,2.9,5.9,0.502,0.566,2.6,2.9,0.899,0.3,4.9,5.2,3.2,1.0,0.6,2.0,2.1,19.9,18.0,0.137,0.141,0.062,0.046,0.615,0.579,0.917,0.357,11.0,0.601,0.615,0.192,0.7,10.9,5.9,9.3,1.0,1.0,10.9,16.5,1.3,1.4,2.7,0.058,-1.0,-0.6,-1.5,0.3,5,Pure Shooter
48,De'Aaron Fox,28,SAS,PG,72,72,2231,11.0,22.5,0.486,2.8,8.5,0.332,8.1,14.0,0.58,0.549,4.0,5.3,0.76,0.9,4.9,5.8,9.6,1.9,0.4,3.5,3.5,28.8,14.4,0.201,0.204,0.151,0.067,0.377,0.302,0.702,0.213,17.6,0.578,0.377,0.235,2.1,10.7,6.5,29.6,1.9,0.8,12.4,24.9,3.4,3.0,6.4,0.138,1.5,0.6,2.2,2.4,1,Secondary Playmakers
49,Immanuel Quickley,26,TOR,PG,70,70,2231,8.8,19.8,0.443,3.9,10.4,0.374,4.9,9.4,0.52,0.541,3.7,4.5,0.821,0.8,5.3,6.2,9.1,2.0,0.1,2.2,3.1,25.1,17.7,0.105,0.178,0.15,0.041,0.526,0.426,0.865,0.143,16.6,0.577,0.526,0.229,1.9,12.5,7.2,26.4,2.0,0.2,9.3,21.1,3.9,2.6,6.5,0.14,1.9,0.6,2.4,2.5,1,Secondary Playmakers
50,Kris Dunn,31,LAC,PG,82,68,2230,5.1,10.6,0.476,1.8,4.8,0.374,3.3,5.9,0.559,0.56,1.4,1.8,0.765,1.3,4.8,6.0,6.6,2.9,0.3,2.5,4.2,13.3,14.3,0.187,0.27,0.082,0.013,0.449,0.449,1.0,0.411,11.3,0.581,0.449,0.17,3.1,10.8,7.1,17.9,2.9,0.6,17.8,12.4,1.7,2.3,4.0,0.085,-2.3,1.5,-0.8,0.6,2,Low-Usage 3&D Wings
51,OG Anunoby,28,NYK,PF,67,67,2224,8.7,17.9,0.484,3.5,9.1,0.386,5.2,8.9,0.584,0.581,4.1,4.9,0.828,1.9,5.9,7.8,3.2,2.3,1.1,2.7,3.7,24.9,14.5,0.31,0.106,0.055,0.024,0.506,0.668,0.968,0.459,15.8,0.62,0.506,0.275,4.3,13.4,8.8,9.2,2.3,2.2,12.0,19.7,3.1,3.2,6.3,0.135,0.9,1.1,2.0,2.3,2,Low-Usage 3&D Wings
52,Royce O'Neale,32,PHO,SF,78,67,2213,5.9,14.0,0.421,4.7,11.6,0.408,1.1,2.3,0.486,0.59,0.6,0.8,0.711,1.3,7.0,8.3,4.6,1.9,0.7,2.3,4.0,17.1,23.0,0.061,0.083,0.021,0.003,0.832,0.588,0.934,0.171,11.6,0.596,0.832,0.061,2.9,16.3,9.3,12.8,1.9,1.4,13.8,14.3,1.9,2.7,4.6,0.1,-0.3,1.0,0.7,1.5,2,Low-Usage 3&D Wings
53,Quentin Grimes,25,PHI,SG,75,19,2206,7.4,16.5,0.45,2.8,8.3,0.334,4.7,8.2,0.568,0.534,4.4,5.2,0.84,1.0,5.0,6.0,5.3,1.4,0.6,2.9,3.4,22.0,15.7,0.254,0.143,0.04,0.06,0.503,0.587,0.882,0.226,12.9,0.585,0.503,0.314,2.2,11.4,6.7,15.7,1.4,1.2,13.4,19.0,1.9,1.7,3.6,0.078,-0.9,-0.6,-1.6,0.2,1,Secondary Playmakers
54,Deni Avdija,25,POR,SF,66,66,2199,10.7,23.1,0.462,2.7,8.5,0.318,8.0,14.6,0.547,0.521,10.6,13.2,0.802,1.6,8.3,9.9,9.6,1.1,0.9,5.5,3.6,34.7,12.7,0.29,0.243,0.07,0.026,0.369,0.39,0.792,0.115,20.3,0.6,0.369,0.573,3.6,19.0,11.2,32.2,1.1,1.7,16.0,29.3,4.5,2.4,7.0,0.152,3.7,0.6,4.3,3.5,0,Ball Dominant Player
55,Naji Marshall,28,DAL,SF,74,47,2184,9.1,17.7,0.51,1.3,4.6,0.291,7.7,13.1,0.587,0.548,4.9,6.5,0.76,1.4,6.1,7.5,5.2,1.8,0.1,2.6,3.1,24.4,11.3,0.21,0.37,0.135,0.026,0.259,0.493,0.952,0.469,15.4,0.592,0.259,0.365,3.2,13.6,8.4,16.4,1.8,0.2,11.1,20.5,2.5,1.8,4.3,0.095,-0.7,0.1,-0.6,0.8,7,Point Forward
56,Cade Cunningham,24,DET,PG,64,64,2172,12.2,26.5,0.461,2.8,8.1,0.342,9.4,18.3,0.514,0.513,6.9,8.5,0.812,1.2,6.7,7.9,14.1,2.0,1.2,5.3,4.4,34.1,13.2,0.179,0.3,0.14,0.073,0.308,0.291,0.488,0.049,21.6,0.564,0.308,0.321,2.9,15.2,9.2,45.2,2.0,2.5,14.8,30.5,4.2,3.6,7.9,0.174,4.8,1.5,6.3,4.6,0,Ball Dominant Player
57,Reed Sheppard,21,HOU,SG,82,21,2147,9.5,22.0,0.43,5.3,13.4,0.394,4.2,8.6,0.486,0.55,1.6,2.0,0.802,0.7,4.9,5.5,6.4,2.8,1.3,2.9,3.9,25.8,19.9,0.074,0.124,0.126,0.068,0.609,0.356,0.749,0.144,15.7,0.564,0.609,0.091,1.5,10.7,6.1,18.6,2.8,2.3,11.1,21.7,2.7,3.1,5.9,0.131,1.2,1.5,2.7,2.5,1,Secondary Playmakers
58,Devin Booker,29,PHO,SG,64,64,2146,12.6,27.6,0.456,2.8,8.5,0.33,9.8,19.1,0.512,0.507,10.5,12.0,0.873,1.1,4.6,5.7,8.9,1.2,0.4,4.6,3.9,38.4,15.3,0.138,0.169,0.235,0.149,0.309,0.337,0.631,0.081,20.4,0.585,0.309,0.434,2.4,10.7,6.4,30.2,1.2,0.8,12.3,32.2,4.7,1.8,6.5,0.145,3.2,-1.0,2.2,2.3,0,Ball Dominant Player
59,Anthony Edwards,24,MIN,SG,61,60,2137,13.5,27.5,0.489,4.6,11.5,0.399,8.9,16.0,0.554,0.572,7.8,9.8,0.796,0.8,5.9,6.7,5.0,1.9,1.1,3.9,2.6,39.3,15.8,0.18,0.149,0.15,0.104,0.418,0.302,0.561,0.089,21.8,0.617,0.418,0.355,1.9,13.4,7.8,17.6,1.9,2.0,10.9,31.5,3.9,2.7,6.5,0.147,4.7,-0.1,4.5,3.5,0,Ball Dominant Player
60,Tim Hardaway Jr.,33,DEN,SG,80,6,2127,8.0,17.9,0.447,5.1,12.6,0.407,2.8,5.3,0.541,0.591,3.6,4.5,0.811,0.4,4.3,4.7,2.5,1.0,0.2,1.0,2.3,24.8,20.8,0.074,0.089,0.067,0.064,0.706,0.782,0.893,0.193,13.5,0.624,0.706,0.252,0.9,9.5,5.4,6.9,1.0,0.4,4.7,18.5,3.5,1.0,4.4,0.1,1.3,-1.9,-0.7,0.7,5,Pure Shooter
61,Jaime Jaquez Jr.,24,MIA,SF,75,1,2121,10.2,20.0,0.507,1.3,4.0,0.317,8.9,16.0,0.555,0.539,3.6,4.7,0.769,2.1,6.1,8.2,7.7,1.1,0.5,3.3,3.0,25.2,9.6,0.271,0.407,0.095,0.027,0.2,0.443,0.948,0.344,15.7,0.57,0.2,0.236,4.7,13.7,9.2,24.0,1.1,0.9,13.1,22.3,2.2,2.0,4.2,0.094,0.3,-0.1,0.1,1.1,7,Point Forward
62,Duncan Robinson,31,DET,SG,77,77,2113,7.3,16.0,0.456,5.0,12.3,0.41,2.2,3.7,0.605,0.613,1.9,2.5,0.755,0.7,4.0,4.7,3.6,1.0,0.5,1.2,3.8,21.5,20.8,0.083,0.119,0.021,0.009,0.768,0.745,0.977,0.265,12.4,0.629,0.768,0.158,1.6,9.2,5.4,10.1,1.0,1.0,6.7,15.8,3.8,2.3,6.1,0.139,0.8,-0.1,0.8,1.5,5,Pure Shooter
63,Jeremiah Fears,19,NOP,PG,82,49,2112,9.9,22.8,0.434,2.3,6.9,0.33,7.6,15.9,0.48,0.485,4.4,5.6,0.789,1.4,5.4,6.8,6.3,2.2,0.7,4.0,3.4,26.5,11.9,0.326,0.222,0.101,0.047,0.304,0.369,0.693,0.124,13.8,0.525,0.304,0.245,3.0,12.4,7.7,19.9,2.2,1.3,13.8,25.5,-0.8,1.4,0.6,0.015,-1.4,-1.3,-2.7,-0.4,1,Secondary Playmakers
64,Donovan Clingan,21,POR,C,77,77,2094,8.1,15.6,0.52,1.9,5.6,0.341,6.2,10.0,0.621,0.582,3.1,4.6,0.68,7.9,12.4,20.3,3.7,1.0,3.0,2.2,4.2,21.3,10.9,0.471,0.155,0.006,0.009,0.36,0.577,0.929,0.069,20.9,0.604,0.36,0.297,17.7,28.6,23.1,11.4,1.0,5.5,10.9,16.9,5.1,3.5,8.6,0.197,2.4,0.6,3.0,2.6,4,Modern Two-Way Bigs
65,Kawhi Leonard,34,LAC,SF,65,65,2085,15.1,30.0,0.505,4.1,10.6,0.387,11.0,19.4,0.569,0.573,8.9,9.9,0.892,1.7,8.2,9.9,5.6,2.9,0.6,3.2,1.9,43.3,15.3,0.128,0.205,0.204,0.109,0.354,0.33,0.57,0.092,27.9,0.629,0.354,0.331,4.1,18.6,11.5,21.0,2.9,1.2,8.4,33.5,6.5,2.7,9.2,0.212,7.4,0.6,8.0,5.3,0,Ball Dominant Player
66,Evan Mobley,24,CLE,PF,65,63,2074,10.9,19.9,0.546,1.4,4.8,0.297,9.4,15.1,0.626,0.582,4.2,6.9,0.606,3.6,10.0,13.6,5.4,1.1,2.6,2.8,3.7,27.3,9.6,0.406,0.254,0.073,0.023,0.243,0.654,0.887,0.139,20.0,0.596,0.243,0.346,8.3,22.7,15.5,16.8,1.1,5.2,11.0,22.6,3.6,2.9,6.5,0.15,1.8,1.2,3.0,2.6,4,Modern Two-Way Bigs
67,Andrew Wiggins,30,MIA,SF,68,68,2063,8.8,18.5,0.475,3.1,7.5,0.414,5.7,11.0,0.516,0.559,2.9,3.6,0.784,2.6,4.8,7.4,4.1,1.7,1.6,2.3,3.5,23.5,14.3,0.224,0.206,0.102,0.062,0.406,0.46,0.942,0.249,15.1,0.586,0.406,0.197,5.7,10.8,8.3,12.3,1.7,3.0,10.3,19.7,2.2,2.3,4.6,0.106,0.7,0.5,1.2,1.7,1,Secondary Playmakers
68,Jake LaRavia,24,LAL,PF,82,43,2061,5.7,12.4,0.459,1.8,5.8,0.321,3.8,6.6,0.579,0.533,2.7,3.6,0.763,2.7,5.0,7.7,3.4,2.5,0.9,2.1,4.6,16.0,13.9,0.247,0.235,0.046,0.008,0.465,0.716,0.987,0.486,11.9,0.571,0.465,0.291,6.8,11.5,9.3,9.3,2.5,1.7,12.9,14.4,1.7,2.1,3.8,0.089,-1.6,0.5,-1.2,0.4,2,Low-Usage 3&D Wings
69,Pascal Siakam,31,IND,PF,62,62,2057,12.9,26.7,0.484,2.4,6.8,0.358,10.5,19.9,0.527,0.529,6.1,8.7,0.693,2.1,7.4,9.5,5.5,1.6,0.6,3.2,3.4,34.3,12.2,0.213,0.277,0.183,0.074,0.254,0.482,0.857,0.157,18.6,0.562,0.254,0.327,4.6,17.4,10.9,19.9,1.6,1.0,9.5,30.1,1.1,1.5,2.6,0.062,1.8,-1.0,0.7,1.4,7,Point Forward
70,Cason Wallace,22,OKC,SG,77,58,2046,6.0,13.8,0.432,2.4,6.8,0.351,3.6,7.0,0.51,0.518,1.3,1.6,0.809,1.5,4.1,5.6,4.7,3.5,0.7,1.7,3.6,15.6,14.5,0.274,0.175,0.039,0.019,0.493,0.503,0.95,0.33,12.1,0.538,0.493,0.116,3.5,8.9,6.3,12.7,3.5,1.3,10.6,14.5,1.0,4.2,5.2,0.122,-2.1,3.3,1.2,1.7,2,Low-Usage 3&D Wings
71,Devin Vassell,25,SAS,SG,67,65,2044,7.8,17.7,0.437,3.9,10.2,0.384,3.9,7.6,0.508,0.547,2.5,3.1,0.815,0.9,5.4,6.3,3.9,1.3,0.6,1.4,2.5,21.9,19.1,0.089,0.061,0.18,0.098,0.572,0.671,0.964,0.299,13.0,0.574,0.572,0.172,2.1,11.8,7.1,11.0,1.3,1.1,6.9,18.0,2.3,2.6,4.9,0.115,0.1,0.3,0.5,1.3,5,Pure Shooter
72,Stephon Castle,21,SAS,PG,68,67,2038,9.1,19.3,0.471,1.9,5.7,0.332,7.2,13.5,0.531,0.521,6.6,9.0,0.734,2.3,6.2,8.5,11.8,1.8,0.4,5.1,5.2,26.7,11.5,0.31,0.262,0.109,0.021,0.299,0.362,0.975,0.23,17.4,0.575,0.299,0.47,5.3,13.5,9.5,34.5,1.8,0.8,18.0,24.9,2.8,2.9,5.8,0.136,1.0,0.9,1.9,2.0,7,Point Forward
73,Derik Queen,21,NOP,C,81,48,2023,8.4,17.7,0.473,0.5,2.1,0.261,7.8,15.6,0.502,0.489,5.1,6.5,0.795,3.2,10.3,13.5,7.0,2.0,1.7,4.5,5.1,22.4,7.9,0.405,0.302,0.096,0.079,0.118,0.405,0.913,0.341,15.9,0.546,0.118,0.365,7.2,23.5,15.2,21.1,2.0,3.5,18.0,21.8,0.4,2.3,2.7,0.063,-1.5,0.7,-0.8,0.6,7,Point Forward
74,LaMelo Ball,24,CHO,PG,72,69,2017,12.4,30.6,0.407,6.7,18.2,0.368,5.8,12.4,0.464,0.516,4.0,4.4,0.899,1.6,6.9,8.5,12.6,2.1,0.4,5.0,4.8,35.5,18.9,0.112,0.185,0.087,0.022,0.595,0.252,0.621,0.122,19.7,0.546,0.595,0.144,3.7,15.5,9.7,42.6,2.1,0.8,13.2,32.0,3.6,2.6,6.2,0.147,4.8,-0.1,4.7,3.4,1,Secondary Playmakers
75,Naz Reid,26,MIN,C,77,3,2007,9.4,20.7,0.456,3.9,10.7,0.362,5.6,10.1,0.556,0.549,2.1,2.9,0.732,2.1,9.2,11.3,4.0,1.8,1.9,3.0,4.6,24.9,15.8,0.147,0.258,0.077,0.003,0.514,0.579,0.938,0.324,15.4,0.565,0.514,0.141,5.0,20.8,13.1,12.4,1.8,3.4,12.0,22.1,0.9,3.2,4.0,0.097,-0.1,1.0,0.9,1.5,6,Versatile Role Players
76,Davion Mitchell,27,MIA,PG,70,70,2000,6.1,12.4,0.49,2.1,5.3,0.395,4.0,7.1,0.561,0.574,1.0,1.5,0.646,0.7,3.6,4.3,10.5,1.6,0.3,2.5,4.2,15.2,14.3,0.205,0.268,0.062,0.038,0.428,0.339,0.867,0.105,12.1,0.582,0.428,0.122,1.6,8.0,4.8,29.1,1.6,0.5,16.1,13.6,2.6,1.7,4.3,0.104,-1.3,0.4,-0.9,0.6,1,Secondary Playmakers
77,Bruce Brown,29,DEN,SG,82,4,1998,6.1,12.7,0.475,1.4,3.6,0.385,4.7,9.1,0.511,0.53,2.3,3.1,0.762,2.1,5.7,7.8,4.2,2.1,0.5,2.2,4.8,15.9,10.7,0.318,0.289,0.094,0.015,0.284,0.56,0.93,0.527,10.8,0.562,0.284,0.241,5.0,12.5,8.9,11.3,2.1,0.9,13.6,14.5,1.2,1.8,2.9,0.071,-2.5,0.1,-2.4,-0.2,2,Low-Usage 3&D Wings
78,Chet Holmgren,23,OKC,PF,69,69,1997,10.5,18.9,0.557,2.1,5.9,0.362,8.4,13.0,0.646,0.614,5.4,6.9,0.792,3.1,11.7,14.9,2.8,1.0,3.2,2.6,3.8,28.6,11.6,0.344,0.208,0.095,0.041,0.312,0.63,0.966,0.198,21.6,0.653,0.312,0.365,7.4,25.3,16.7,8.6,1.0,6.4,10.6,21.9,4.4,4.7,9.1,0.219,2.4,1.9,4.2,3.1,4,Modern Two-Way Bigs
79,Josh Hart,30,NYK,SF,66,52,1994,7.5,14.7,0.508,2.5,6.0,0.413,5.0,8.7,0.574,0.593,2.2,3.1,0.72,2.3,9.8,12.1,7.9,1.9,0.4,3.2,4.1,19.7,13.7,0.294,0.157,0.095,0.046,0.409,0.697,0.81,0.298,15.7,0.612,0.409,0.211,5.2,22.1,13.6,21.6,1.9,0.9,16.5,16.7,3.1,3.0,6.1,0.147,1.0,2.0,3.0,2.5,6,Versatile Role Players
80,LeBron James,41,LAL,SF,60,60,1989,11.6,22.6,0.515,1.9,6.0,0.317,9.7,16.6,0.586,0.557,5.7,7.8,0.737,1.1,7.9,8.9,10.6,1.8,0.9,4.4,2.0,30.8,11.9,0.292,0.235,0.123,0.086,0.264,0.518,0.649,0.193,20.8,0.594,0.264,0.344,2.6,18.3,10.7,34.1,1.8,1.6,14.5,27.2,3.4,2.1,5.4,0.131,3.3,0.2,3.5,2.8,7,Point Forward
81,Ace Bailey,19,UTA,SF,72,61,1988,9.3,21.1,0.443,3.2,9.4,0.344,6.1,11.7,0.522,0.52,1.6,2.1,0.75,2.5,4.7,7.1,3.1,1.4,1.2,2.5,4.6,23.4,16.4,0.146,0.161,0.103,0.143,0.446,0.69,0.898,0.261,11.6,0.533,0.446,0.099,5.5,11.0,8.2,9.7,1.4,2.4,10.3,21.4,-0.4,0.3,-0.1,-0.001,-1.9,-2.5,-4.4,-1.2,5,Pure Shooter
82,Harrison Barnes,33,SAS,PF,77,52,1986,6.3,13.9,0.456,3.4,8.7,0.388,3.0,5.2,0.567,0.577,2.5,3.0,0.829,1.5,3.7,5.2,3.6,1.2,0.3,1.5,2.1,18.5,17.2,0.158,0.157,0.054,0.009,0.623,0.634,0.978,0.522,11.8,0.608,0.623,0.214,3.5,7.9,5.8,9.7,1.2,0.5,8.8,14.6,2.7,2.1,4.8,0.117,-0.2,0.1,-0.1,1.0,5,Pure Shooter
83,Jalen Duren,22,DET,C,70,70,1976,12.8,19.7,0.65,0.0,0.0,0.0,12.8,19.7,0.65,0.65,7.9,10.5,0.747,6.5,11.6,18.0,3.4,1.4,1.4,3.2,4.8,33.4,3.7,0.522,0.426,0.031,0.021,0.0,0.648,0.0,0.0,26.1,0.688,0.0,0.535,15.3,26.4,20.9,11.0,1.4,3.0,11.6,23.6,7.2,3.8,11.0,0.266,4.4,0.5,5.0,3.5,3,Traditional Big Man
84,Brandon Miller,23,CHO,SF,65,65,1968,11.4,26.3,0.435,5.1,13.4,0.383,6.3,12.9,0.489,0.533,5.0,5.6,0.892,1.8,6.3,8.0,5.5,1.7,1.1,4.1,4.5,33.0,17.3,0.122,0.199,0.124,0.045,0.511,0.476,0.814,0.126,16.8,0.574,0.511,0.214,4.1,14.0,9.2,17.8,1.7,2.1,12.5,28.1,2.1,2.4,4.5,0.109,1.7,-0.1,1.6,1.8,1,Secondary Playmakers
85,Maxime Raynaud,22,SAC,C,74,56,1964,9.4,16.5,0.571,0.6,1.8,0.324,8.8,14.7,0.601,0.589,3.3,4.1,0.786,3.5,10.2,13.7,2.5,0.9,1.0,2.3,4.2,22.7,8.3,0.198,0.534,0.145,0.013,0.11,0.816,0.958,0.324,16.0,0.619,0.11,0.25,7.9,24.3,15.8,7.6,0.9,1.8,11.2,18.2,2.6,1.0,3.6,0.088,-0.9,-1.6,-2.4,-0.2,4,Modern Two-Way Bigs
86,Deandre Ayton,27,LAL,C,72,72,1958,10.0,15.0,0.671,0.0,0.0,0.0,10.0,15.0,0.671,0.671,2.3,3.5,0.645,4.6,9.7,14.3,1.5,1.0,1.7,2.1,3.9,22.4,5.3,0.421,0.406,0.146,0.027,0.0,0.801,0.0,0.0,18.2,0.676,0.0,0.235,11.5,22.6,17.2,4.5,1.0,3.3,11.1,16.7,4.0,2.2,6.2,0.152,0.0,-0.9,-0.9,0.6,3,Traditional Big Man
87,Jarace Walker,22,IND,PF,76,41,1953,7.5,17.8,0.419,3.2,8.7,0.374,4.2,9.2,0.462,0.51,3.3,4.5,0.749,1.2,8.3,9.5,4.7,1.5,0.6,3.4,3.0,21.5,16.1,0.166,0.207,0.086,0.055,0.486,0.644,0.932,0.149,11.5,0.543,0.486,0.25,2.7,19.5,10.9,14.3,1.5,1.1,14.6,20.7,-1.0,1.5,0.5,0.013,-1.8,-0.7,-2.4,-0.2,6,Versatile Role Players
88,Sam Hauser,28,BOS,PF,78,49,1934,6.6,15.7,0.419,5.2,13.2,0.393,1.4,2.5,0.557,0.584,0.4,0.5,0.85,1.5,6.4,7.9,3.0,1.0,0.6,0.9,3.0,18.8,23.5,0.04,0.03,0.06,0.032,0.839,0.778,0.97,0.177,11.9,0.59,0.839,0.033,3.3,13.6,8.5,7.9,1.0,1.2,5.4,14.5,2.9,2.1,5.0,0.124,0.6,0.0,0.6,1.3,5,Pure Shooter
89,Rui Hachimura,27,LAL,PF,68,41,1927,7.8,15.1,0.514,2.9,6.6,0.443,4.8,8.5,0.57,0.611,1.3,1.8,0.694,1.0,4.7,5.7,1.4,1.0,0.5,1.1,2.8,19.8,16.5,0.159,0.106,0.161,0.136,0.439,0.796,0.983,0.405,11.6,0.62,0.439,0.121,2.6,10.9,6.9,4.1,1.0,1.0,6.3,15.2,2.1,1.1,3.2,0.08,-0.8,-1.5,-2.2,-0.1,5,Pure Shooter
90,Neemias Queta,26,BOS,C,76,75,1926,8.6,13.1,0.653,0.0,0.2,0.125,8.5,12.9,0.662,0.654,3.2,4.6,0.703,6.0,10.7,16.7,3.3,1.6,2.6,2.0,5.7,20.4,3.9,0.545,0.389,0.044,0.006,0.016,0.735,1.0,0.125,20.3,0.674,0.016,0.351,13.4,22.7,18.1,9.3,1.6,5.2,11.5,14.7,5.4,3.6,9.0,0.224,0.9,2.0,2.8,2.4,4,Modern Two-Way Bigs
91,Nic Claxton,26,BRK,C,69,68,1920,8.6,15.0,0.571,0.1,0.5,0.158,8.5,14.5,0.585,0.574,3.6,5.9,0.616,4.3,8.0,12.3,6.5,1.2,2.0,2.5,4.1,20.9,4.6,0.497,0.395,0.058,0.017,0.033,0.621,1.0,0.053,17.6,0.592,0.033,0.393,9.6,19.9,14.5,21.8,1.2,3.7,12.3,17.7,3.3,1.5,4.8,0.121,0.3,0.6,0.9,1.4,4,Modern Two-Way Bigs
92,Myles Turner,29,MIL,C,71,71,1912,7.3,16.6,0.44,3.8,9.9,0.383,3.5,6.7,0.523,0.553,3.4,4.6,0.74,1.9,7.8,9.7,2.6,1.3,3.0,2.1,4.8,21.8,18.2,0.152,0.135,0.073,0.046,0.594,0.737,1.0,0.188,14.2,0.584,0.594,0.274,4.5,17.8,11.2,7.7,1.3,6.0,10.3,18.6,1.2,1.8,3.0,0.076,-0.9,0.0,-0.9,0.5,6,Versatile Role Players
93,Keldon Johnson,26,SAS,SF,82,0,1911,10.4,20.0,0.519,2.5,6.9,0.363,7.9,13.2,0.601,0.582,3.9,4.9,0.794,3.4,7.6,11.1,2.8,1.2,0.3,1.8,4.1,27.2,10.8,0.344,0.3,0.009,0.005,0.343,0.562,0.909,0.502,17.3,0.613,0.343,0.243,7.9,16.6,12.4,8.5,1.2,0.5,7.4,21.0,3.9,2.6,6.4,0.161,1.2,-0.3,0.9,1.4,6,Versatile Role Players
94,Anthony Black,22,ORL,PG,64,40,1910,8.7,19.4,0.447,2.5,7.5,0.333,6.2,11.9,0.519,0.512,4.2,5.8,0.732,1.2,5.0,6.1,5.9,2.3,1.1,3.3,4.3,24.1,13.3,0.258,0.237,0.071,0.045,0.389,0.596,0.82,0.28,13.7,0.549,0.389,0.299,2.7,11.6,7.1,18.5,2.3,2.1,13.1,22.2,0.3,2.4,2.6,0.067,-1.2,0.7,-0.6,0.7,2,Low-Usage 3&D Wings
95,Tristan Da Silva,24,ORL,SF,77,34,1899,7.1,15.7,0.45,3.0,8.1,0.374,4.0,7.6,0.532,0.547,2.1,2.4,0.884,1.5,5.7,7.2,3.1,1.7,0.6,1.7,3.0,19.3,15.9,0.16,0.227,0.071,0.024,0.518,0.654,0.95,0.374,12.0,0.576,0.518,0.153,3.4,13.4,8.3,9.3,1.7,1.2,9.4,16.2,1.3,2.1,3.3,0.084,-0.7,0.1,-0.6,0.7,6,Versatile Role Players
96,Moussa Diabaté,24,CHO,C,73,47,1899,6.0,9.5,0.631,0.0,0.1,0.5,6.0,9.4,0.632,0.632,3.0,4.6,0.659,7.1,9.5,16.6,3.7,1.5,1.9,1.9,4.6,15.0,3.1,0.636,0.314,0.036,0.008,0.006,0.627,1.0,0.5,17.2,0.653,0.006,0.485,16.5,21.1,18.9,10.2,1.5,3.5,14.2,11.4,4.7,2.8,7.4,0.188,0.4,1.2,1.7,1.8,4,Modern Two-Way Bigs
97,Ausar Thompson,23,DET,SF,73,72,1896,7.7,14.7,0.525,0.2,0.6,0.25,7.6,14.1,0.537,0.53,2.8,4.9,0.571,3.8,6.8,10.7,5.8,3.7,1.8,2.8,5.1,18.4,5.5,0.426,0.414,0.097,0.021,0.042,0.626,0.833,0.5,16.2,0.545,0.042,0.331,9.0,15.6,12.4,16.3,3.7,3.6,14.3,16.9,1.5,4.1,5.7,0.144,-0.6,3.6,3.1,2.4,4,Modern Two-Way Bigs
98,Nique Clifford,23,SAC,SG,75,28,1882,6.4,15.3,0.418,2.0,5.9,0.333,4.4,9.4,0.471,0.482,1.8,2.5,0.722,1.7,5.6,7.2,4.6,1.7,0.6,3.0,4.0,16.6,14.9,0.141,0.262,0.133,0.077,0.388,0.564,0.909,0.281,9.0,0.505,0.388,0.163,3.8,13.3,8.4,13.0,1.7,1.2,15.4,17.0,-1.2,0.6,-0.6,-0.014,-3.7,-1.2,-4.9,-1.4,2,Low-Usage 3&D Wings
99,Ayo Dosunmu,26,2TM,SG,69,19,1881,9.7,18.7,0.517,3.1,7.0,0.439,6.6,11.7,0.563,0.599,3.2,3.6,0.876,1.2,4.8,5.9,6.2,1.5,0.5,2.4,3.3,25.6,12.1,0.367,0.194,0.048,0.016,0.375,0.517,0.919,0.282,16.5,0.63,0.375,0.194,2.7,10.7,6.8,19.6,1.5,0.8,10.6,20.2,3.5,1.3,4.9,0.124,1.3,-0.3,1.0,1.4,1,Secondary Playmakers
100,John Collins,28,LAC,PF,69,56,1872,9.7,17.5,0.552,2.4,5.8,0.406,7.3,11.7,0.625,0.62,3.1,4.1,0.766,2.9,6.8,9.8,1.9,1.6,1.4,2.5,5.0,24.8,11.6,0.281,0.275,0.077,0.035,0.332,0.716,1.0,0.594,16.3,0.643,0.332,0.234,7.0,15.6,11.4,5.8,1.6,2.6,11.6,19.5,2.7,1.8,4.6,0.117,0.0,-0.5,-0.5,0.7,6,Versatile Role Players
101,Draymond Green,35,GSW,PF,68,68,1869,5.3,12.7,0.418,2.6,8.0,0.326,2.7,4.7,0.575,0.52,1.5,2.2,0.702,1.4,8.3,9.7,9.8,1.6,1.1,4.7,5.1,14.8,17.5,0.208,0.112,0.039,0.01,0.631,0.837,0.99,0.339,10.4,0.54,0.631,0.171,3.2,19.5,11.2,27.3,1.6,2.1,25.5,16.1,-0.4,2.1,1.7,0.044,-2.4,1.0,-1.4,0.3,6,Versatile Role Players
102,Victor Wembanyama,22,SAS,C,64,55,1866,14.2,27.8,0.512,3.1,9.0,0.349,11.1,18.8,0.59,0.569,9.6,11.6,0.827,3.3,15.6,18.9,5.1,1.7,5.1,4.0,4.0,41.2,12.8,0.328,0.148,0.119,0.081,0.324,0.647,0.893,0.077,29.9,0.626,0.324,0.417,7.7,33.9,21.2,17.6,1.7,9.4,10.8,32.4,5.0,5.0,10.0,0.257,6.5,4.2,10.7,6.0,0,Ball Dominant Player
103,Russell Westbrook,37,SAC,SF,64,58,1853,9.3,21.9,0.427,3.3,9.9,0.338,6.0,12.0,0.5,0.503,3.3,4.8,0.694,2.1,7.0,9.1,11.1,2.2,0.3,5.5,3.8,25.3,15.6,0.136,0.244,0.099,0.069,0.452,0.226,0.828,0.269,15.1,0.528,0.452,0.218,4.7,16.6,10.5,34.3,2.2,0.6,18.5,25.9,-0.6,0.9,0.4,0.009,0.6,-1.0,-0.4,0.7,7,Point Forward
104,Jamal Shead,23,TOR,PG,82,12,1852,4.9,13.3,0.367,2.2,6.9,0.321,2.7,6.4,0.417,0.45,2.4,3.1,0.784,0.7,3.1,3.8,11.7,2.0,0.4,2.9,4.3,14.4,16.6,0.163,0.198,0.097,0.022,0.52,0.297,0.881,0.195,10.5,0.491,0.52,0.23,1.6,7.2,4.4,30.6,2.0,0.8,16.8,15.5,0.8,2.0,2.7,0.07,-2.3,0.0,-2.3,-0.1,1,Secondary Playmakers
105,Pelle Larsson,24,MIA,SG,70,54,1849,7.0,14.0,0.496,1.6,4.8,0.323,5.4,9.2,0.586,0.551,4.6,5.8,0.797,1.7,4.4,6.1,5.9,1.2,0.4,2.5,3.7,20.1,11.5,0.317,0.297,0.038,0.005,0.343,0.647,0.968,0.26,13.1,0.605,0.343,0.413,3.8,9.9,6.8,16.8,1.2,0.8,13.3,16.8,2.6,1.5,4.1,0.106,-1.2,0.0,-1.2,0.4,7,Point Forward
106,Luguentz Dort,26,OKC,SF,69,69,1849,5.3,13.7,0.385,3.3,9.7,0.344,1.9,4.0,0.487,0.508,1.2,1.5,0.759,1.5,4.9,6.4,2.2,1.6,0.7,1.4,4.7,15.1,20.5,0.115,0.055,0.078,0.042,0.71,0.716,0.984,0.196,8.3,0.524,0.71,0.111,3.4,10.7,7.2,5.9,1.6,1.4,8.9,14.1,0.0,3.0,3.0,0.078,-2.8,0.8,-2.0,0.0,5,Pure Shooter
107,Sion James,23,CHO,SG,82,19,1843,3.7,10.0,0.371,2.2,6.3,0.352,1.5,3.7,0.404,0.483,2.2,2.6,0.837,1.3,6.4,7.7,4.4,1.4,0.5,1.7,4.0,11.9,17.3,0.199,0.14,0.022,0.005,0.634,0.527,0.952,0.369,8.3,0.531,0.634,0.263,3.1,14.3,8.8,11.4,1.4,1.0,13.5,11.0,1.1,1.9,3.1,0.08,-3.0,1.1,-2.0,0.0,2,Low-Usage 3&D Wings
108,Zion Williamson,25,NOP,PF,62,55,1841,12.6,21.0,0.6,0.0,0.1,0.25,12.6,20.9,0.601,0.6,8.7,12.1,0.716,3.2,5.9,9.2,5.2,1.6,0.9,3.3,3.7,33.8,3.6,0.575,0.378,0.038,0.004,0.005,0.524,1.0,0.0,22.6,0.644,0.005,0.576,7.2,13.5,10.3,17.7,1.6,1.7,11.1,25.7,5.0,1.0,6.1,0.159,3.5,-0.6,2.9,2.3,7,Point Forward
109,Jaylen Wells,22,MEM,SG,69,69,1821,7.8,18.2,0.431,3.4,9.5,0.353,4.5,8.7,0.517,0.524,3.5,4.4,0.784,1.6,4.1,5.7,2.9,1.6,0.2,1.9,3.9,22.5,17.0,0.152,0.142,0.096,0.087,0.523,0.64,0.961,0.332,11.5,0.559,0.523,0.245,3.6,9.6,6.5,8.8,1.6,0.5,8.7,19.3,0.9,0.7,1.6,0.042,-1.8,-1.4,-3.1,-0.5,5,Pure Shooter
110,Nikola Vučević,35,2TM,C,64,49,1818,10.3,20.9,0.493,2.6,7.1,0.369,7.7,13.8,0.557,0.556,2.0,2.4,0.828,3.3,10.8,14.0,5.6,1.0,1.1,2.2,3.3,25.2,13.3,0.199,0.324,0.103,0.035,0.339,0.765,0.98,0.1,17.7,0.574,0.339,0.116,7.5,23.9,15.8,17.7,1.0,2.0,9.2,21.4,2.5,1.9,4.4,0.116,1.4,0.1,1.5,1.6,6,Versatile Role Players
111,Oso Ighodaro,23,PHO,PF,82,24,1808,6.5,10.0,0.653,0.0,0.0,0.0,6.5,10.0,0.655,0.653,1.4,3.2,0.453,3.8,7.7,11.4,5.1,2.0,1.6,2.8,6.0,14.5,4.1,0.522,0.38,0.096,0.0,0.003,0.757,0.0,0.0,13.8,0.636,0.003,0.32,8.2,17.8,12.8,14.2,2.0,3.0,19.5,12.2,2.1,2.6,4.7,0.125,-2.2,2.3,0.1,0.9,3,Traditional Big Man
112,Kyle Kuzma,30,MIL,PF,69,43,1806,9.2,18.8,0.492,2.3,6.5,0.347,7.0,12.3,0.569,0.552,3.7,5.1,0.726,1.6,7.0,8.5,5.0,1.3,0.8,3.2,3.6,24.4,12.1,0.3,0.257,0.071,0.025,0.347,0.637,0.94,0.351,14.1,0.581,0.347,0.27,3.6,15.9,9.8,15.5,1.3,1.5,13.4,21.8,0.9,1.0,1.9,0.051,-1.0,-1.3,-2.3,-0.1,6,Versatile Role Players
113,Kyle Filipowski,22,UTA,C,77,41,1801,8.4,17.1,0.492,1.9,5.9,0.325,6.5,11.2,0.58,0.548,4.1,5.5,0.75,3.8,10.6,14.4,5.2,1.9,1.0,3.3,6.0,22.9,11.5,0.259,0.339,0.047,0.008,0.347,0.647,0.959,0.421,16.0,0.586,0.347,0.323,8.4,25.1,16.6,15.7,1.9,2.1,14.3,20.0,1.8,1.3,3.1,0.082,-0.6,-0.5,-1.1,0.4,4,Modern Two-Way Bigs
114,Andrew Nembhard,26,IND,PG,57,57,1786,8.9,20.0,0.442,2.8,7.9,0.361,6.0,12.2,0.495,0.513,5.1,6.2,0.825,0.7,3.6,4.3,11.6,1.4,0.2,3.6,3.4,25.7,16.6,0.141,0.163,0.159,0.143,0.393,0.354,0.664,0.078,15.7,0.564,0.393,0.311,1.5,8.4,4.9,37.0,1.4,0.4,13.8,23.6,2.2,0.7,2.8,0.077,1.1,-1.9,-0.8,0.6,1,Secondary Playmakers
115,Keyonte George,22,UTA,PG,54,54,1786,10.6,23.1,0.456,3.5,9.5,0.371,7.0,13.7,0.515,0.532,8.9,9.9,0.892,0.6,4.6,5.2,8.7,1.5,0.4,4.4,3.2,33.5,15.6,0.101,0.276,0.117,0.096,0.41,0.515,0.724,0.122,18.5,0.609,0.41,0.429,1.4,10.9,6.0,28.4,1.5,0.8,13.7,27.9,3.1,0.1,3.3,0.088,3.0,-2.1,0.9,1.3,0,Ball Dominant Player
116,Noah Clowney,21,BRK,PF,66,60,1780,6.9,17.5,0.396,3.6,10.9,0.329,3.4,6.6,0.506,0.498,5.0,6.2,0.804,1.4,6.1,7.6,3.0,1.4,1.3,2.8,4.7,22.5,17.7,0.124,0.201,0.041,0.013,0.621,0.612,0.992,0.283,11.2,0.554,0.621,0.355,3.2,15.3,8.9,9.5,1.4,2.3,12.3,20.4,-0.1,1.2,1.1,0.029,-2.3,-1.1,-3.4,-0.6,6,Versatile Role Players
117,Jaylon Tyson,23,CLE,SG,66,42,1777,8.9,18.1,0.493,3.6,8.1,0.446,5.3,10.1,0.53,0.592,2.1,2.9,0.738,3.2,5.9,9.1,4.0,1.5,0.8,2.7,4.4,23.6,13.5,0.279,0.216,0.051,0.009,0.445,0.716,0.977,0.372,14.8,0.608,0.445,0.16,7.3,13.6,10.5,11.6,1.5,1.5,12.1,19.3,2.3,1.7,4.0,0.108,0.6,-0.5,0.1,0.9,6,Versatile Role Players
118,Marcus Smart,31,LAL,SG,62,54,1769,5.2,13.1,0.395,2.7,8.1,0.331,2.5,5.1,0.497,0.497,2.9,3.6,0.822,1.0,3.8,4.7,5.1,2.4,0.6,2.5,4.5,16.0,18.4,0.109,0.162,0.084,0.029,0.616,0.505,0.918,0.294,9.9,0.543,0.616,0.271,2.5,8.7,5.7,13.6,2.4,1.2,14.7,15.4,0.4,1.6,2.0,0.054,-2.9,0.6,-2.2,-0.1,2,Low-Usage 3&D Wings
119,Brice Sensabaugh,22,UTA,SF,75,22,1762,10.5,22.8,0.46,4.3,11.8,0.367,6.2,11.1,0.559,0.554,4.4,5.4,0.826,1.5,4.7,6.2,3.8,1.4,0.3,3.3,3.8,29.7,17.0,0.111,0.196,0.137,0.041,0.516,0.634,0.87,0.233,14.4,0.59,0.516,0.235,3.4,11.0,7.1,12.4,1.4,0.7,11.6,24.9,1.0,0.1,1.1,0.029,0.4,-3.0,-2.6,-0.3,1,Secondary Playmakers
120,Austin Reaves,27,LAL,SG,51,45,1762,10.3,21.1,0.49,3.3,9.1,0.36,7.1,12.0,0.588,0.567,9.0,10.3,0.871,0.9,5.7,6.7,7.8,1.6,0.6,4.2,3.0,32.9,15.1,0.15,0.277,0.122,0.021,0.43,0.318,0.703,0.125,20.2,0.641,0.43,0.487,2.3,13.3,8.0,24.0,1.6,1.1,14.0,26.7,4.2,1.4,5.6,0.153,3.4,-0.6,2.8,2.1,0,Ball Dominant Player
121,Tre Jones,26,CHI,PG,65,41,1752,9.1,16.5,0.553,1.1,3.5,0.315,8.0,13.0,0.616,0.586,5.1,6.1,0.841,1.0,4.4,5.5,9.4,2.0,0.3,2.5,2.5,24.4,8.4,0.48,0.237,0.06,0.013,0.211,0.49,0.829,0.346,18.7,0.637,0.211,0.368,2.3,9.9,6.2,29.2,2.0,0.5,11.4,19.2,4.6,1.1,5.7,0.157,1.2,0.1,1.3,1.5,7,Point Forward
122,Sandro Mamukelashvili,26,TOR,C,80,13,1751,9.2,17.6,0.523,3.2,8.2,0.389,6.0,9.3,0.642,0.614,3.3,4.4,0.747,3.0,8.0,11.0,4.2,1.8,1.1,1.9,4.1,24.9,13.7,0.339,0.162,0.029,0.002,0.469,0.758,1.0,0.216,18.1,0.637,0.469,0.25,6.9,18.8,12.8,12.4,1.8,2.3,8.7,18.8,3.6,2.5,6.2,0.169,2.1,0.7,2.8,2.1,6,Versatile Role Players
123,Tobias Harris,33,DET,PF,63,63,1746,8.6,18.3,0.469,2.3,6.2,0.368,6.3,12.1,0.521,0.531,3.8,4.3,0.866,1.5,7.4,8.9,4.3,1.6,0.7,1.7,3.0,23.2,13.4,0.158,0.284,0.175,0.046,0.338,0.52,0.939,0.444,15.0,0.574,0.338,0.238,3.6,16.9,10.4,12.5,1.6,1.5,8.0,18.8,2.6,2.7,5.3,0.145,0.6,0.8,1.4,1.5,1,Secondary Playmakers
124,Precious Achiuwa,26,SAC,C,73,57,1745,8.8,16.6,0.528,0.7,2.7,0.278,8.0,13.9,0.577,0.551,2.1,3.9,0.554,4.9,8.7,13.6,2.8,1.8,1.4,1.8,3.4,20.4,7.8,0.371,0.395,0.064,0.007,0.162,0.543,1.0,0.412,16.2,0.558,0.162,0.232,11.0,20.8,15.8,8.5,1.8,2.6,9.0,17.6,1.8,1.2,2.9,0.081,-0.5,-1.1,-1.6,0.2,4,Modern Two-Way Bigs
125,P.J. Washington,27,DAL,PF,56,53,1736,8.0,17.9,0.45,2.1,6.4,0.325,6.0,11.5,0.519,0.508,3.4,4.9,0.687,2.3,8.4,10.7,2.7,1.5,1.6,2.6,3.2,21.5,12.1,0.243,0.324,0.059,0.018,0.356,0.586,0.961,0.415,13.1,0.537,0.356,0.277,5.2,18.7,12.0,8.1,1.5,2.9,11.3,20.1,-0.3,2.0,1.7,0.046,-1.7,0.1,-1.6,0.2,6,Versatile Role Players
126,Josh Giddey,23,CHI,PG,54,51,1731,8.7,19.4,0.448,2.8,7.7,0.364,5.9,11.7,0.502,0.52,4.7,6.2,0.763,1.8,10.3,12.1,13.4,1.5,0.7,5.3,2.4,24.9,13.4,0.261,0.262,0.054,0.028,0.395,0.326,0.806,0.131,18.0,0.562,0.395,0.318,4.2,23.1,13.7,41.1,1.5,1.4,19.3,24.4,1.6,1.7,3.2,0.09,2.3,0.4,2.7,2.0,7,Point Forward
127,RJ Barrett,25,TOR,SF,57,57,1726,11.3,23.1,0.491,2.7,8.0,0.339,8.6,15.1,0.572,0.55,5.7,7.9,0.717,1.6,6.9,8.5,5.3,1.2,0.5,2.8,4.2,31.0,11.8,0.304,0.272,0.071,0.006,0.347,0.6,0.948,0.251,17.0,0.585,0.347,0.342,3.6,16.3,9.9,16.8,1.2,1.1,9.5,25.8,2.0,2.0,4.0,0.111,1.0,-0.7,0.2,1.0,6,Versatile Role Players
128,Jay Huff,27,IND,C,82,47,1719,8.0,16.9,0.476,3.3,10.3,0.319,4.8,6.6,0.723,0.574,2.3,2.7,0.828,2.0,6.9,9.0,3.3,1.1,4.2,2.1,5.4,21.6,17.4,0.25,0.123,0.008,0.008,0.61,0.808,0.992,0.126,15.2,0.598,0.61,0.162,4.5,16.2,10.3,10.4,1.1,7.6,10.4,18.0,1.3,1.9,3.2,0.089,-0.9,1.3,0.4,1.1,6,Versatile Role Players
129,Norman Powell,32,MIA,SG,58,52,1717,11.4,24.2,0.47,4.2,11.1,0.38,7.2,13.1,0.546,0.558,7.1,8.6,0.827,0.6,4.9,5.5,3.9,1.7,0.4,3.0,3.4,34.1,15.4,0.2,0.207,0.087,0.048,0.458,0.581,0.859,0.149,17.5,0.609,0.458,0.355,1.3,11.0,6.1,12.5,1.7,0.7,9.7,27.2,2.3,1.7,4.0,0.112,1.8,-0.3,1.6,1.5,1,Secondary Playmakers
130,Cam Spencer,25,MEM,SG,72,20,1714,7.3,15.4,0.473,4.0,9.0,0.449,3.2,6.4,0.506,0.604,3.5,3.7,0.94,1.1,4.0,5.1,11.1,1.4,0.3,2.6,2.8,22.1,19.6,0.067,0.108,0.142,0.099,0.585,0.436,0.76,0.098,17.2,0.649,0.585,0.241,2.5,9.2,5.8,33.1,1.4,0.6,13.1,17.2,4.7,0.6,5.3,0.149,3.0,-0.8,2.2,1.8,1,Secondary Playmakers
131,Kel'el Ware,21,MIA,C,77,34,1704,9.4,17.7,0.53,2.5,6.3,0.395,6.9,11.3,0.606,0.601,1.9,2.6,0.74,5.9,13.0,18.9,1.5,1.6,2.3,1.7,3.2,23.2,10.9,0.441,0.171,0.017,0.012,0.359,0.675,1.0,0.279,20.0,0.616,0.359,0.148,13.1,29.2,21.1,4.6,1.6,4.4,8.2,18.0,3.2,3.0,6.2,0.175,2.1,0.1,2.1,1.8,4,Modern Two-Way Bigs
132,Dillon Brooks,30,PHO,SF,56,56,1702,12.1,27.8,0.435,3.7,10.7,0.344,8.4,17.1,0.492,0.501,4.9,5.9,0.842,1.2,4.6,5.9,2.9,1.7,0.3,2.8,5.3,32.8,16.4,0.093,0.182,0.234,0.106,0.385,0.283,0.78,0.146,14.1,0.54,0.385,0.211,2.7,10.8,6.6,9.6,1.7,0.5,8.6,28.6,0.4,1.6,2.1,0.058,-1.0,-1.3,-2.3,-0.1,1,Secondary Playmakers
133,Dennis Schröder,32,2TM,PG,70,17,1697,7.3,17.9,0.405,2.1,6.5,0.329,5.1,11.4,0.449,0.465,4.9,5.8,0.834,0.9,4.5,5.4,9.7,1.6,0.3,3.5,3.1,21.5,14.1,0.151,0.245,0.159,0.083,0.362,0.256,0.76,0.158,12.9,0.526,0.362,0.326,2.1,10.5,6.2,27.7,1.6,0.6,14.7,21.0,0.8,0.7,1.5,0.043,-0.9,-1.3,-2.2,-0.1,1,Secondary Playmakers
134,Isaac Okoro,25,CHI,SG,63,62,1695,5.8,12.7,0.46,2.0,6.1,0.33,3.8,6.6,0.58,0.539,2.5,3.1,0.795,1.9,2.9,4.8,2.8,1.3,0.8,1.3,4.5,16.1,12.9,0.401,0.115,0.002,0.0,0.481,0.696,0.918,0.557,9.8,0.574,0.481,0.244,4.4,6.4,5.4,7.8,1.3,1.5,8.3,13.6,1.4,0.7,2.2,0.061,-3.0,-0.8,-3.8,-0.8,2,Low-Usage 3&D Wings
135,Jerami Grant,31,POR,PF,57,38,1695,9.3,20.6,0.453,3.8,9.9,0.389,5.5,10.7,0.513,0.547,7.4,9.1,0.814,1.5,4.0,5.6,3.4,1.2,1.0,3.4,4.0,29.9,14.7,0.234,0.2,0.06,0.026,0.479,0.462,0.993,0.386,15.4,0.608,0.479,0.441,3.5,9.3,6.3,11.0,1.2,1.9,12.0,23.8,2.6,1.4,4.0,0.114,0.9,-0.9,0.0,0.9,1,Secondary Playmakers
136,Dominick Barlow,22,PHI,PF,71,59,1689,6.1,11.4,0.539,0.6,2.3,0.256,5.5,9.1,0.612,0.565,2.7,3.7,0.718,3.8,5.9,9.7,2.5,1.8,1.5,1.6,4.3,15.6,7.7,0.489,0.248,0.04,0.018,0.206,0.665,1.0,0.744,13.2,0.597,0.206,0.328,8.5,13.5,11.0,7.0,1.8,2.9,10.9,12.8,2.2,1.8,3.9,0.112,-1.5,0.4,-1.1,0.4,4,Modern Two-Way Bigs
137,Michael Porter Jr.,27,BRK,SF,52,52,1689,13.0,28.1,0.463,5.2,14.2,0.363,7.8,13.8,0.567,0.555,5.7,6.6,0.859,2.0,8.7,10.7,4.6,1.6,0.4,3.6,3.4,36.9,16.9,0.185,0.13,0.075,0.103,0.506,0.653,0.858,0.13,19.9,0.595,0.506,0.237,4.5,21.7,12.6,18.2,1.6,0.7,10.3,30.5,1.7,1.3,2.9,0.083,4.2,-1.2,3.0,2.1,7,Point Forward
138,Luke Kennard,29,2TM,SG,78,6,1681,6.7,12.6,0.533,3.3,7.0,0.478,3.4,5.6,0.601,0.665,1.8,2.0,0.913,0.9,4.3,5.2,5.0,1.6,0.2,1.7,2.9,18.6,17.8,0.113,0.117,0.149,0.068,0.553,0.739,0.966,0.302,13.5,0.689,0.553,0.156,2.1,10.0,6.1,13.8,1.6,0.4,11.2,13.5,3.2,1.4,4.5,0.13,0.1,0.1,0.1,0.9,5,Pure Shooter
139,Cameron Johnson,29,DEN,SF,54,54,1647,6.8,14.1,0.48,3.3,7.6,0.43,3.5,6.5,0.539,0.596,2.8,3.3,0.839,1.3,4.8,6.1,3.9,1.2,0.6,1.4,3.7,19.6,16.6,0.202,0.131,0.069,0.059,0.539,0.712,0.945,0.344,12.8,0.629,0.539,0.236,3.1,10.6,7.0,10.6,1.2,1.2,8.2,15.1,2.7,1.0,3.7,0.108,0.3,-0.9,-0.6,0.6,5,Pure Shooter
140,Brook Lopez,37,LAC,C,75,40,1635,7.1,16.5,0.428,3.5,9.6,0.36,3.6,6.8,0.524,0.533,1.7,2.3,0.757,1.4,6.9,8.3,3.0,1.4,2.6,1.9,4.7,19.3,18.3,0.127,0.177,0.094,0.017,0.585,0.602,1.0,0.136,12.3,0.552,0.585,0.137,3.4,15.7,9.7,8.5,1.4,5.0,9.6,17.2,0.5,1.8,2.3,0.068,-1.3,0.4,-0.9,0.5,6,Versatile Role Players
141,Will Riley,19,WAS,SF,74,18,1633,7.9,17.9,0.439,2.3,7.2,0.316,5.6,10.8,0.52,0.502,4.2,5.2,0.8,1.6,4.5,6.1,4.2,1.6,0.3,2.7,2.6,22.2,14.5,0.199,0.249,0.099,0.053,0.4,0.461,0.846,0.202,12.1,0.548,0.4,0.291,3.6,10.4,7.0,12.7,1.6,0.5,11.9,20.2,0.4,0.0,0.4,0.012,-1.9,-2.6,-4.5,-1.0,1,Secondary Playmakers
142,Cody Williams,21,UTA,SG,67,41,1631,6.8,14.6,0.468,0.8,3.8,0.214,6.0,10.9,0.556,0.495,2.4,3.4,0.706,1.8,3.9,5.7,3.9,1.5,0.7,2.1,3.5,16.9,10.9,0.253,0.322,0.1,0.067,0.257,0.733,1.0,0.595,9.6,0.524,0.257,0.234,3.9,9.3,6.6,11.4,1.5,1.5,11.5,16.0,0.0,0.1,0.1,0.004,-3.6,-1.9,-5.5,-1.5,2,Low-Usage 3&D Wings
143,Bennedict Mathurin,23,2TM,SF,54,25,1620,8.7,20.3,0.43,2.2,7.1,0.315,6.5,13.1,0.492,0.485,8.7,10.1,0.869,1.6,7.1,8.8,3.9,1.3,0.4,3.5,4.1,28.4,14.2,0.213,0.21,0.112,0.114,0.352,0.556,0.693,0.143,14.7,0.575,0.352,0.496,3.9,16.5,10.2,12.0,1.3,0.7,12.5,25.2,1.0,1.1,2.1,0.062,-1.1,-1.4,-2.5,-0.2,7,Point Forward
144,Bobby Portis,30,MIL,PF,67,9,1619,11.1,22.8,0.488,4.1,9.0,0.456,7.0,13.8,0.509,0.578,1.5,2.1,0.706,2.7,10.3,13.0,3.2,1.2,0.4,2.0,3.3,27.8,16.3,0.115,0.18,0.151,0.16,0.395,0.623,0.985,0.372,17.1,0.587,0.395,0.091,6.3,23.5,14.9,10.5,1.2,0.7,7.8,23.1,1.6,1.2,2.8,0.083,1.5,-1.6,0.0,0.8,5,Pure Shooter
145,Collin Sexton,27,2TM,SG,68,22,1614,10.8,22.2,0.485,3.4,8.4,0.401,7.4,13.9,0.536,0.561,6.5,7.6,0.855,1.2,3.4,4.6,6.7,2.3,0.3,4.2,4.3,31.5,13.3,0.275,0.22,0.077,0.053,0.376,0.375,0.804,0.197,17.4,0.615,0.376,0.344,2.8,7.6,5.3,21.7,2.3,0.6,14.2,25.9,2.5,1.4,3.9,0.117,1.1,-0.5,0.6,1.1,1,Secondary Playmakers
146,Cedric Coward,22,MEM,SG,62,47,1598,9.0,19.2,0.471,2.8,8.2,0.338,6.3,11.1,0.568,0.542,4.2,4.9,0.843,2.5,8.3,10.8,5.1,1.2,0.8,3.1,3.7,25.0,14.0,0.238,0.207,0.113,0.019,0.424,0.505,0.86,0.244,15.3,0.585,0.424,0.256,5.5,19.4,12.3,16.0,1.2,1.6,12.7,21.5,1.4,1.1,2.5,0.076,0.4,-0.6,-0.2,0.7,6,Versatile Role Players
147,Peyton Watson,23,DEN,SF,54,40,1598,8.7,17.7,0.491,2.5,6.0,0.411,6.2,11.7,0.531,0.56,4.2,5.8,0.73,1.5,6.6,8.1,3.4,1.5,1.9,2.8,4.2,24.1,12.7,0.244,0.258,0.102,0.057,0.339,0.652,0.975,0.401,14.3,0.594,0.339,0.325,3.6,14.4,9.3,9.7,1.5,3.6,12.3,20.6,1.0,1.6,2.6,0.078,-0.8,-0.5,-1.2,0.3,6,Versatile Role Players
148,Herbert Jones,27,NOP,SF,56,56,1588,5.5,14.4,0.383,2.4,7.8,0.309,3.1,6.6,0.47,0.467,1.5,1.9,0.806,1.4,4.3,5.7,4.7,2.7,0.8,2.2,5.3,14.9,16.0,0.224,0.157,0.044,0.033,0.542,0.544,0.938,0.301,9.1,0.491,0.542,0.13,3.2,9.8,6.4,12.9,2.7,1.6,12.6,15.2,-0.4,1.1,0.7,0.022,-3.7,0.6,-3.1,-0.5,2,Low-Usage 3&D Wings
149,Jalen Suggs,24,ORL,PG,57,56,1574,8.6,19.8,0.435,3.7,11.0,0.339,4.9,8.8,0.554,0.529,3.1,3.6,0.855,1.1,5.6,6.7,9.5,3.2,1.2,4.6,4.4,24.0,17.7,0.156,0.128,0.109,0.052,0.555,0.375,0.811,0.189,15.6,0.561,0.555,0.18,2.5,13.2,7.8,29.6,3.2,2.3,17.8,22.9,0.3,2.4,2.7,0.083,0.7,1.8,2.5,1.8,1,Secondary Playmakers
150,Kelly Oubre Jr.,30,PHI,SF,50,41,1574,7.8,16.7,0.467,2.6,7.3,0.36,5.2,9.4,0.551,0.546,3.4,4.4,0.766,1.5,6.2,7.7,2.5,2.1,0.7,2.1,3.9,21.6,14.1,0.224,0.244,0.075,0.017,0.439,0.53,0.953,0.335,13.0,0.58,0.439,0.267,3.4,14.2,8.7,7.3,2.1,1.4,10.2,18.2,1.1,1.6,2.7,0.083,-1.3,-0.1,-1.4,0.2,6,Versatile Role Players
151,Jordan Goodwin,27,PHO,PG,70,10,1572,7.2,17.4,0.413,3.5,9.5,0.371,3.7,8.0,0.462,0.514,1.2,1.8,0.696,4.3,6.4,10.7,4.7,3.3,0.4,2.1,4.2,19.1,16.3,0.231,0.126,0.068,0.031,0.544,0.419,0.902,0.341,14.7,0.525,0.544,0.101,9.4,14.8,12.0,13.6,3.3,0.9,10.5,17.5,1.5,2.4,3.9,0.118,0.3,1.5,1.8,1.5,2,Low-Usage 3&D Wings
152,Jrue Holiday,35,POR,PG,53,51,1560,9.8,21.7,0.451,4.2,11.1,0.378,5.6,10.6,0.527,0.548,2.7,3.2,0.838,2.2,5.3,7.5,9.9,1.7,0.2,4.5,2.4,26.5,16.7,0.14,0.207,0.097,0.045,0.511,0.317,0.569,0.163,16.4,0.573,0.511,0.148,4.9,12.3,8.5,32.1,1.7,0.3,16.2,23.5,2.1,1.5,3.6,0.109,2.4,-0.5,1.9,1.6,1,Secondary Playmakers
153,Dylan Harper,19,SAS,SG,69,4,1558,10.2,20.2,0.505,1.9,5.5,0.343,8.3,14.7,0.565,0.551,2.8,3.7,0.756,1.7,5.5,7.2,8.2,1.7,0.7,3.1,4.3,25.1,10.7,0.405,0.181,0.091,0.05,0.271,0.344,0.902,0.23,16.2,0.574,0.271,0.181,3.8,12.1,8.1,24.7,1.7,1.4,12.3,21.8,2.0,2.2,4.2,0.13,0.3,1.1,1.4,1.3,1,Secondary Playmakers
154,Ron Holland,20,DET,SF,78,5,1551,7.3,17.0,0.432,1.6,6.2,0.253,5.8,10.8,0.535,0.478,3.7,4.6,0.805,2.6,7.2,9.8,3.0,2.9,0.8,3.0,5.7,20.0,11.6,0.294,0.292,0.035,0.015,0.364,0.616,0.98,0.571,11.7,0.525,0.364,0.274,6.1,16.5,11.4,8.2,2.9,1.7,13.6,18.9,-0.1,2.9,2.8,0.087,-3.3,1.4,-2.0,0.0,2,Low-Usage 3&D Wings
155,Tari Eason,24,HOU,PF,60,34,1549,7.8,18.7,0.416,3.0,8.4,0.358,4.8,10.3,0.463,0.496,1.7,2.2,0.776,4.0,8.1,12.1,2.9,2.3,0.9,2.6,4.5,20.2,14.3,0.234,0.193,0.084,0.04,0.448,0.459,0.957,0.477,12.9,0.514,0.448,0.116,9.0,17.8,13.5,8.0,2.3,1.7,11.7,18.7,0.6,2.3,2.9,0.091,-1.8,0.2,-1.6,0.2,2,Low-Usage 3&D Wings
156,Kevin Huerter,27,2TM,SF,69,14,1549,8.2,18.2,0.451,3.1,9.9,0.308,5.2,8.3,0.624,0.535,1.7,2.2,0.775,1.0,6.3,7.3,5.4,1.9,1.0,2.2,3.5,21.2,16.2,0.21,0.18,0.045,0.02,0.545,0.692,0.94,0.228,13.2,0.552,0.545,0.119,2.4,14.2,8.4,16.1,1.9,1.9,10.3,18.8,0.8,1.7,2.5,0.078,-1.1,0.5,-0.6,0.6,6,Versatile Role Players
157,Moses Moody,23,GSW,SG,60,49,1540,7.7,17.5,0.44,4.8,11.9,0.401,3.0,5.7,0.522,0.575,2.7,3.6,0.77,1.6,4.7,6.3,3.1,1.8,1.1,1.8,3.8,22.9,19.0,0.127,0.117,0.052,0.027,0.677,0.638,0.96,0.345,13.5,0.6,0.677,0.203,3.6,11.0,7.2,9.2,1.8,2.0,8.6,18.3,1.7,1.4,3.1,0.096,0.2,-0.3,-0.1,0.7,6,Versatile Role Players
158,Terance Mann,29,BRK,SG,63,51,1529,5.4,11.9,0.457,1.8,5.0,0.364,3.6,6.9,0.523,0.533,2.0,2.6,0.788,2.3,4.2,6.5,6.1,1.3,0.5,2.3,5.0,14.7,13.9,0.234,0.196,0.111,0.041,0.418,0.455,0.839,0.416,10.2,0.564,0.418,0.217,5.0,10.5,7.6,18.6,1.3,0.9,15.0,13.5,1.2,0.6,1.8,0.056,-2.7,-0.7,-3.4,-0.6,2,Low-Usage 3&D Wings
159,Jarrett Allen,27,CLE,C,56,56,1519,10.7,16.7,0.638,0.0,0.3,0.1,10.6,16.4,0.649,0.639,5.9,8.3,0.709,4.6,10.5,15.1,3.2,1.7,1.5,2.4,3.0,27.2,5.0,0.455,0.419,0.087,0.021,0.019,0.818,1.0,0.6,22.1,0.669,0.019,0.494,10.5,24.0,17.2,9.7,1.7,2.9,10.4,19.9,4.2,2.2,6.4,0.202,2.2,0.4,2.6,1.8,4,Modern Two-Way Bigs
160,Isaiah Collier,21,UTA,PG,59,19,1517,7.9,15.9,0.495,0.8,3.1,0.27,7.1,12.8,0.549,0.521,4.7,6.5,0.722,0.6,4.0,4.6,13.1,2.0,0.6,4.6,4.3,21.3,10.0,0.21,0.445,0.111,0.041,0.194,0.32,0.667,0.21,14.8,0.567,0.194,0.406,1.5,9.4,5.3,39.2,2.0,1.3,19.6,20.4,1.3,0.3,1.7,0.053,-0.7,-1.8,-2.4,-0.2,7,Point Forward
161,Isaiah Joe,26,OKC,SG,71,9,1507,7.9,17.4,0.455,5.8,13.7,0.423,2.1,3.7,0.574,0.622,3.5,3.9,0.894,1.1,4.7,5.8,3.0,1.6,0.4,1.4,3.9,25.2,22.0,0.087,0.039,0.048,0.039,0.788,0.788,0.95,0.222,15.5,0.657,0.788,0.227,2.5,10.2,6.5,8.6,1.6,0.7,7.0,18.4,3.2,2.4,5.5,0.176,2.0,0.5,2.5,1.7,5,Pure Shooter
162,Jock Landale,30,2TM,C,68,27,1506,8.9,17.2,0.515,2.3,6.1,0.383,6.5,11.2,0.586,0.582,2.5,4.0,0.635,5.8,6.4,12.2,3.6,1.1,1.1,1.9,4.7,22.6,11.8,0.334,0.237,0.057,0.02,0.352,0.702,0.959,0.28,16.6,0.595,0.352,0.23,12.9,14.9,13.9,11.1,1.1,2.2,9.0,18.3,2.7,1.1,3.8,0.122,0.9,-1.0,-0.1,0.7,6,Versatile Role Players
163,Zaccharie Risacher,20,ATL,SF,67,46,1503,7.7,16.8,0.455,3.0,8.1,0.368,4.7,8.7,0.536,0.544,1.8,2.8,0.644,2.2,5.8,8.1,2.4,1.9,1.1,1.8,4.6,20.1,15.0,0.297,0.112,0.047,0.063,0.481,0.718,0.947,0.31,11.8,0.557,0.481,0.168,5.0,13.6,9.3,6.8,1.9,2.2,9.2,17.6,0.5,1.9,2.3,0.074,-2.3,-0.2,-2.5,-0.2,6,Versatile Role Players
164,Klay Thompson,35,DAL,SF,69,8,1497,9.0,22.9,0.393,6.4,16.6,0.383,2.6,6.3,0.418,0.532,1.1,1.5,0.766,0.6,3.9,4.5,3.0,1.0,0.7,2.0,2.2,25.5,21.8,0.055,0.037,0.08,0.104,0.724,0.81,0.931,0.211,11.4,0.541,0.724,0.065,1.3,8.8,5.1,9.5,1.0,1.2,7.8,22.7,-0.3,0.9,0.5,0.018,0.2,-1.5,-1.4,0.2,5,Pure Shooter
165,Ryan Kalkbrenner,24,CHO,C,69,31,1479,7.3,9.8,0.753,0.0,0.2,0.0,7.3,9.6,0.766,0.753,2.8,3.9,0.716,5.6,7.0,12.6,1.8,1.1,3.4,2.1,3.6,17.5,2.5,0.763,0.21,0.003,0.007,0.017,0.712,0.0,0.2,17.9,0.762,0.017,0.399,13.0,15.7,14.4,5.2,1.1,6.3,15.3,11.6,3.6,2.1,5.7,0.185,0.5,1.3,1.8,1.4,3,Traditional Big Man
166,Keon Ellis,26,2TM,SG,72,11,1478,5.5,12.5,0.44,3.0,8.2,0.363,2.5,4.3,0.586,0.559,1.7,2.3,0.729,1.2,3.2,4.4,2.3,2.7,1.5,1.3,4.4,15.7,18.7,0.143,0.115,0.065,0.023,0.654,0.769,0.967,0.343,10.8,0.579,0.654,0.182,2.8,7.3,5.1,6.3,2.7,2.9,9.0,13.0,1.0,1.2,2.2,0.072,-1.8,1.3,-0.5,0.6,2,Low-Usage 3&D Wings
167,Ja'Kobe Walter,21,TOR,SG,72,19,1474,6.0,13.4,0.446,3.6,8.9,0.409,2.3,4.5,0.519,0.582,2.3,3.0,0.789,1.9,4.3,6.1,2.8,2.4,0.5,1.2,5.4,17.9,17.9,0.205,0.092,0.035,0.002,0.666,0.729,0.991,0.442,11.8,0.61,0.666,0.223,4.3,10.0,7.1,7.7,2.4,0.9,7.7,14.0,1.9,1.9,3.7,0.121,-1.3,1.0,-0.3,0.6,2,Low-Usage 3&D Wings
168,Patrick Williams,24,CHI,PF,72,6,1474,5.7,15.2,0.372,3.0,8.7,0.347,2.6,6.5,0.407,0.472,1.7,2.4,0.72,1.6,5.3,6.8,3.3,1.6,0.8,2.4,3.0,16.0,17.1,0.182,0.186,0.048,0.01,0.573,0.422,0.916,0.164,8.2,0.494,0.573,0.157,3.6,11.8,7.7,9.4,1.6,1.5,12.8,16.6,-1.1,1.0,-0.1,-0.005,-3.4,-1.1,-4.5,-0.9,2,Low-Usage 3&D Wings
169,Ajay Mitchell,23,OKC,SG,57,16,1473,9.4,19.4,0.485,2.0,5.8,0.347,7.4,13.6,0.543,0.536,4.6,5.3,0.87,1.3,4.9,6.2,6.8,2.3,0.6,2.7,3.9,25.4,11.9,0.2,0.364,0.098,0.039,0.298,0.329,0.77,0.267,16.8,0.585,0.298,0.275,3.1,10.6,7.0,20.1,2.3,1.2,10.9,21.8,2.2,2.6,4.8,0.156,0.3,1.6,1.9,1.4,1,Secondary Playmakers
170,Shaedon Sharpe,22,POR,SG,50,42,1471,12.7,28.2,0.452,3.3,9.9,0.337,9.4,18.2,0.514,0.511,5.0,6.4,0.787,1.7,5.4,7.0,4.3,2.3,0.2,4.8,3.2,33.8,14.1,0.244,0.184,0.106,0.113,0.353,0.429,0.544,0.111,15.3,0.546,0.353,0.227,3.7,12.4,8.0,15.4,2.3,0.4,13.3,30.5,-0.4,1.6,1.3,0.041,-0.4,-0.9,-1.4,0.2,1,Secondary Playmakers
171,Bilal Coulibaly,21,WAS,SG,56,56,1468,7.4,17.5,0.425,2.1,6.6,0.319,5.3,10.9,0.49,0.485,4.3,5.7,0.746,1.5,6.3,7.8,4.7,2.4,1.7,2.6,4.2,21.2,12.8,0.287,0.242,0.055,0.039,0.377,0.412,0.908,0.338,13.5,0.531,0.377,0.327,3.5,14.5,8.9,13.9,2.4,3.2,11.6,19.9,0.2,0.8,1.0,0.031,-1.7,-0.4,-2.1,-0.1,2,Low-Usage 3&D Wings
172,Grayson Allen,30,PHO,SG,51,27,1467,9.1,22.5,0.403,5.4,15.3,0.349,3.7,7.1,0.519,0.522,4.8,5.7,0.857,1.2,4.0,5.2,6.6,2.3,0.4,2.8,3.9,28.3,20.2,0.097,0.177,0.034,0.009,0.682,0.445,0.78,0.11,16.1,0.568,0.682,0.252,2.7,9.2,5.9,19.9,2.3,0.8,10.1,23.8,2.3,1.6,3.9,0.127,1.9,0.2,2.1,1.5,1,Secondary Playmakers
173,Brandon Williams,26,DAL,PG,66,15,1463,9.4,19.9,0.472,1.2,5.0,0.232,8.2,14.9,0.552,0.501,7.8,9.8,0.793,1.0,5.2,6.2,8.3,2.0,0.6,4.0,3.3,27.7,10.7,0.305,0.285,0.107,0.052,0.251,0.306,0.917,0.258,16.8,0.572,0.251,0.493,2.2,11.6,6.9,26.3,2.0,1.2,14.3,25.1,1.2,1.3,2.5,0.083,0.1,0.3,0.4,0.9,7,Point Forward
174,Daniss Jenkins,24,DET,PG,72,19,1455,7.7,18.9,0.408,2.4,6.5,0.374,5.3,12.4,0.426,0.473,4.5,5.4,0.832,1.7,3.8,5.5,9.2,2.1,0.5,3.8,3.6,22.3,13.8,0.164,0.287,0.132,0.074,0.343,0.308,0.863,0.251,13.4,0.525,0.343,0.283,4.0,8.7,6.4,25.8,2.1,1.0,15.3,21.5,0.9,2.0,2.9,0.095,-0.8,0.1,-0.7,0.5,1,Secondary Playmakers
175,Jaren Jackson Jr.,26,2TM,C,48,48,1454,11.1,23.4,0.476,2.7,7.7,0.357,8.4,15.8,0.533,0.534,5.3,6.6,0.803,1.4,7.5,8.9,3.1,1.7,2.2,3.5,5.8,30.3,12.6,0.147,0.376,0.146,0.004,0.327,0.581,0.976,0.226,15.7,0.576,0.327,0.282,3.1,17.4,10.1,10.4,1.7,4.4,11.7,26.2,0.1,1.3,1.4,0.047,-1.1,0.5,-0.6,0.5,6,Versatile Role Players
176,Javonte Green,32,DET,SG,82,6,1446,6.2,13.8,0.447,3.1,8.3,0.381,3.0,5.6,0.545,0.56,3.5,4.2,0.84,2.1,5.6,7.7,1.9,3.4,0.8,1.5,3.6,19.0,16.6,0.2,0.171,0.014,0.017,0.597,0.758,0.947,0.385,14.1,0.607,0.597,0.302,4.9,12.8,8.9,5.0,3.4,1.7,8.8,14.8,2.0,2.7,4.7,0.156,-0.3,2.4,2.1,1.5,2,Low-Usage 3&D Wings
177,Ivica Zubac,28,2TM,C,48,47,1446,9.9,16.5,0.598,0.0,0.0,0.0,9.9,16.5,0.598,0.598,3.5,4.9,0.711,5.6,11.9,17.4,3.6,0.6,1.4,2.9,3.8,23.2,4.6,0.461,0.459,0.081,0.0,0.0,0.667,0.0,0.0,18.6,0.622,0.0,0.295,13.3,27.2,20.4,11.3,0.6,2.6,13.6,19.2,2.6,1.6,4.2,0.139,0.7,-0.9,-0.3,0.6,3,Traditional Big Man
178,Tre Johnson,19,WAS,SG,60,42,1443,8.9,21.2,0.419,3.8,10.5,0.358,5.1,10.7,0.479,0.508,2.5,2.9,0.874,1.0,4.6,5.6,4.0,1.1,0.6,3.1,4.0,24.1,18.2,0.071,0.178,0.185,0.07,0.496,0.436,0.8,0.162,10.6,0.535,0.496,0.134,2.1,10.7,6.3,12.4,1.1,1.1,11.9,22.5,-0.6,-0.1,-0.7,-0.024,-2.1,-2.9,-5.0,-1.1,5,Pure Shooter
179,Lauri Markkanen,28,UTA,PF,42,42,1443,12.5,26.2,0.477,3.7,10.5,0.355,8.7,15.6,0.559,0.548,7.8,8.7,0.896,2.7,6.7,9.4,2.9,1.4,0.7,2.0,2.5,36.5,13.9,0.21,0.267,0.073,0.047,0.402,0.717,0.948,0.207,21.1,0.608,0.402,0.333,6.1,15.7,10.8,10.1,1.4,1.4,6.4,28.1,3.2,0.3,3.5,0.118,4.6,-2.0,2.6,1.6,7,Point Forward
180,Khris Middleton,34,2TM,SF,63,50,1439,7.5,17.7,0.42,2.2,6.1,0.36,5.3,11.6,0.452,0.482,3.9,4.5,0.875,1.7,5.9,7.6,5.8,1.3,0.3,3.5,4.7,21.0,16.4,0.081,0.161,0.228,0.185,0.344,0.419,0.836,0.306,10.9,0.533,0.344,0.252,3.8,13.4,8.6,17.3,1.3,0.5,15.3,20.6,-0.3,0.5,0.3,0.008,-2.8,-1.5,-4.4,-0.9,1,Secondary Playmakers
181,Sidy Cissoko,21,POR,SF,75,26,1435,4.4,11.1,0.398,2.0,6.6,0.298,2.5,4.5,0.544,0.487,1.9,2.9,0.659,2.1,3.5,5.5,3.7,1.7,0.8,2.3,6.1,12.7,16.3,0.216,0.159,0.015,0.018,0.593,0.662,0.949,0.444,7.1,0.514,0.593,0.263,4.6,8.0,6.3,10.2,1.7,1.5,15.8,12.5,0.0,1.3,1.3,0.045,-4.6,0.5,-4.0,-0.7,2,Low-Usage 3&D Wings
182,Luke Kornet,30,SAS,C,68,25,1430,5.9,9.1,0.643,0.0,0.0,0.0,5.9,9.1,0.643,0.643,3.2,3.8,0.825,6.1,7.8,13.9,4.2,1.1,2.2,0.9,4.0,14.9,2.0,0.827,0.143,0.026,0.004,0.0,0.771,0.0,0.0,17.9,0.689,0.0,0.419,14.0,17.0,15.5,11.3,1.1,4.0,8.0,10.3,4.6,2.3,6.9,0.231,1.6,2.1,3.6,2.0,3,Traditional Big Man
183,Baylor Scheierman,25,BOS,SG,77,20,1429,5.3,11.8,0.453,3.4,8.6,0.399,1.9,3.2,0.6,0.599,1.0,1.1,0.903,2.0,7.5,9.5,4.1,1.5,0.2,1.6,3.8,15.1,20.8,0.066,0.093,0.084,0.027,0.73,0.685,0.948,0.342,11.6,0.616,0.73,0.093,4.5,16.0,10.3,10.5,1.5,0.4,11.7,11.9,2.1,1.8,3.8,0.129,-0.7,1.3,0.6,0.9,5,Pure Shooter
184,Spencer Jones,24,DEN,SF,64,37,1417,4.5,9.0,0.504,2.0,5.0,0.396,2.6,4.1,0.636,0.613,1.1,1.8,0.608,2.6,4.6,7.2,1.8,1.8,1.0,1.1,6.0,12.1,14.9,0.294,0.13,0.015,0.011,0.55,0.733,1.0,0.611,9.3,0.619,0.55,0.195,6.2,10.1,8.3,4.5,1.8,1.9,9.8,9.7,1.5,1.2,2.6,0.089,-2.4,0.0,-2.4,-0.1,2,Low-Usage 3&D Wings
185,Mark Williams,24,PHO,C,60,55,1416,9.8,15.3,0.644,0.0,0.0,1.0,9.8,15.2,0.643,0.645,4.7,6.1,0.771,6.5,10.2,16.6,2.0,1.9,1.9,2.3,4.6,24.4,3.3,0.626,0.317,0.05,0.005,0.002,0.683,1.0,1.0,21.8,0.68,0.002,0.4,14.0,23.7,18.7,6.3,1.9,3.7,11.2,17.4,4.0,2.3,6.3,0.215,1.5,0.5,2.0,1.4,4,Modern Two-Way Bigs
186,Aaron Wiggins,27,OKC,SG,65,21,1414,7.9,18.3,0.431,3.3,9.2,0.356,4.6,9.1,0.508,0.521,1.8,2.5,0.736,1.4,5.4,6.8,3.7,2.1,1.0,2.8,2.8,20.9,15.1,0.239,0.19,0.052,0.015,0.504,0.556,0.854,0.281,11.7,0.538,0.504,0.134,3.3,11.7,7.6,10.6,2.1,1.9,12.5,19.9,-0.4,2.5,2.1,0.072,-1.7,0.7,-0.9,0.4,6,Versatile Role Players
187,Walter Clayton,22,2TM,PG,69,6,1410,5.9,15.4,0.384,2.5,8.2,0.307,3.4,7.3,0.47,0.465,3.6,4.0,0.901,0.8,3.8,4.6,9.3,1.5,0.6,3.9,4.0,18.0,16.9,0.13,0.206,0.093,0.041,0.529,0.431,0.707,0.115,10.3,0.523,0.529,0.262,1.9,8.9,5.3,26.6,1.5,1.3,18.4,18.5,0.0,0.3,0.3,0.009,-2.2,-2.1,-4.3,-0.8,1,Secondary Playmakers
188,Christian Braun,24,DEN,SG,44,44,1399,7.0,13.6,0.519,1.5,5.0,0.301,5.5,8.6,0.646,0.575,2.8,3.5,0.782,2.1,5.2,7.4,4.2,1.0,0.4,1.5,3.6,18.3,11.7,0.373,0.206,0.015,0.039,0.368,0.83,0.907,0.448,12.6,0.607,0.368,0.26,5.1,11.5,8.4,11.4,1.0,0.8,9.0,14.8,2.2,0.8,3.0,0.103,-0.4,-0.9,-1.2,0.3,2,Low-Usage 3&D Wings
189,Gui Santos,23,GSW,PF,68,30,1395,8.0,16.0,0.5,2.7,7.7,0.351,5.3,8.3,0.639,0.585,3.0,4.2,0.725,2.6,6.6,9.2,5.5,2.1,0.8,3.5,4.9,21.7,14.1,0.274,0.235,0.007,0.002,0.483,0.651,1.0,0.243,14.2,0.609,0.483,0.261,5.9,15.6,10.6,16.7,2.1,1.5,16.6,18.7,1.2,1.5,2.7,0.094,-0.9,0.3,-0.6,0.5,6,Versatile Role Players
190,Vít Krejčí,25,2TM,PG,65,8,1392,6.5,14.6,0.448,4.4,11.2,0.39,2.2,3.4,0.634,0.597,1.3,1.7,0.745,1.1,4.0,5.0,3.4,1.6,0.6,1.4,4.7,18.7,20.8,0.089,0.093,0.042,0.012,0.765,0.875,0.945,0.216,11.1,0.609,0.765,0.119,2.4,9.3,5.8,9.6,1.6,1.2,8.3,14.6,1.5,1.3,2.9,0.099,-1.5,0.0,-1.6,0.1,5,Pure Shooter
191,Kyshawn George,22,WAS,SF,48,48,1391,8.6,19.6,0.438,3.4,8.9,0.381,5.2,10.8,0.486,0.524,3.6,4.5,0.802,1.5,6.9,8.3,7.3,1.6,1.5,4.3,5.8,24.2,16.5,0.135,0.199,0.137,0.078,0.451,0.331,0.818,0.192,13.8,0.559,0.451,0.227,3.3,15.9,9.5,22.4,1.6,2.7,16.5,22.8,0.1,0.5,0.6,0.022,-0.5,-0.6,-1.2,0.3,1,Secondary Playmakers
192,Ben Sheppard,24,IND,SG,65,20,1390,5.7,13.2,0.434,2.9,7.9,0.362,2.9,5.3,0.542,0.543,1.3,1.7,0.765,1.5,5.2,6.7,3.9,1.3,0.2,1.4,3.9,15.7,17.2,0.202,0.121,0.049,0.028,0.599,0.75,0.976,0.358,9.7,0.561,0.599,0.132,3.3,12.2,7.6,11.3,1.3,0.4,9.1,13.8,0.8,0.7,1.4,0.05,-2.4,-0.6,-3.0,-0.4,5,Pure Shooter
193,Justin Champagnie,24,WAS,SF,69,19,1377,8.0,15.9,0.502,1.8,5.7,0.319,6.2,10.2,0.605,0.56,2.8,3.5,0.784,5.0,8.2,13.2,2.9,2.0,1.5,1.5,3.9,20.5,11.0,0.411,0.212,0.017,0.0,0.359,0.564,0.943,0.331,17.3,0.589,0.359,0.221,11.1,19.0,15.0,8.7,2.0,2.7,8.2,16.7,2.4,0.8,3.1,0.109,0.6,-1.0,-0.4,0.6,6,Versatile Role Players
194,Will Richard,23,GSW,SG,69,21,1377,5.7,12.2,0.468,2.5,7.5,0.335,3.2,4.7,0.679,0.571,1.6,1.9,0.852,2.4,3.7,6.1,3.3,2.8,0.3,1.9,4.6,15.5,16.9,0.231,0.104,0.032,0.02,0.613,0.681,0.972,0.443,11.0,0.596,0.613,0.156,5.3,8.7,7.0,9.3,2.8,0.6,12.5,13.0,1.2,1.4,2.5,0.089,-2.5,0.9,-1.7,0.1,2,Low-Usage 3&D Wings
195,Gary Trent Jr.,27,MIL,SG,65,21,1377,6.5,16.9,0.387,4.4,12.2,0.36,2.1,4.7,0.458,0.517,1.4,1.9,0.769,0.3,2.1,2.4,2.8,1.2,0.1,1.5,3.0,18.9,21.5,0.038,0.085,0.07,0.085,0.723,0.55,0.886,0.284,8.0,0.533,0.723,0.11,0.7,4.8,2.8,8.0,1.2,0.2,7.6,17.2,-0.2,0.2,-0.1,-0.002,-3.2,-2.2,-5.4,-1.2,5,Pure Shooter
196,Sam Merrill,29,CLE,SG,52,38,1377,7.8,16.9,0.461,5.5,13.1,0.421,2.3,3.8,0.596,0.624,2.1,2.4,0.855,1.0,3.7,4.6,4.4,1.2,0.2,1.5,4.4,23.1,21.4,0.089,0.056,0.05,0.031,0.775,0.815,0.937,0.163,13.6,0.644,0.775,0.143,2.2,8.4,5.3,12.3,1.2,0.5,7.5,17.0,2.8,0.9,3.7,0.127,1.0,-1.0,0.1,0.7,5,Pure Shooter
197,Anfernee Simons,26,2TM,SG,55,5,1372,10.4,23.7,0.44,5.3,13.8,0.385,5.1,9.8,0.517,0.552,2.5,2.8,0.896,1.1,3.8,4.9,4.9,1.0,0.3,2.5,3.4,28.7,19.7,0.057,0.153,0.114,0.091,0.585,0.216,0.658,0.087,14.4,0.576,0.585,0.119,2.5,8.1,5.4,14.6,1.0,0.6,9.1,23.6,1.8,1.1,2.9,0.101,1.2,-1.3,-0.1,0.7,1,Secondary Playmakers
198,Jose Alvarado,27,2TM,PG,69,3,1370,6.6,15.9,0.416,3.6,10.1,0.352,3.0,5.7,0.531,0.529,1.2,1.6,0.761,0.9,5.1,6.0,8.3,2.3,0.3,2.7,4.6,18.0,18.1,0.131,0.156,0.06,0.013,0.639,0.535,0.752,0.265,12.1,0.543,0.639,0.102,2.1,11.6,6.8,23.1,2.3,0.6,14.1,16.8,1.0,1.2,2.2,0.077,-1.3,0.3,-1.0,0.3,2,Low-Usage 3&D Wings
199,Malik Monk,27,SAC,SG,62,3,1364,9.8,22.4,0.438,4.4,11.1,0.395,5.4,11.3,0.481,0.536,3.3,3.8,0.879,0.5,3.6,4.1,6.6,1.3,0.9,3.2,3.5,27.4,17.1,0.108,0.217,0.127,0.052,0.497,0.484,0.758,0.14,14.2,0.568,0.497,0.169,1.2,8.6,4.8,20.6,1.3,1.6,11.8,24.0,0.8,0.2,1.0,0.034,0.8,-2.1,-1.3,0.2,1,Secondary Playmakers
200,Ryan Dunn,23,PHO,SF,70,16,1355,6.0,13.2,0.453,2.0,6.2,0.331,3.9,7.0,0.56,0.53,0.8,1.7,0.489,3.6,7.2,10.8,3.7,2.2,1.1,2.0,4.7,14.8,13.3,0.331,0.16,0.033,0.008,0.467,0.62,1.0,0.675,11.7,0.532,0.467,0.13,7.8,16.8,12.2,10.3,2.2,2.0,12.8,13.7,0.7,1.9,2.6,0.093,-2.1,1.2,-0.9,0.4,2,Low-Usage 3&D Wings
201,Josh Okogie,27,HOU,SG,78,32,1354,4.6,10.8,0.425,2.3,5.9,0.385,2.3,4.9,0.474,0.531,1.5,2.5,0.594,3.0,4.4,7.4,2.5,2.3,0.6,1.5,3.9,13.0,15.1,0.245,0.167,0.02,0.02,0.548,0.587,1.0,0.646,9.9,0.544,0.548,0.235,6.7,9.6,8.2,6.4,2.3,1.1,11.2,11.3,1.1,1.6,2.7,0.095,-2.3,1.1,-1.2,0.3,2,Low-Usage 3&D Wings
202,Kobe Sanders,23,LAC,SG,68,16,1351,6.6,14.1,0.466,2.9,7.2,0.408,3.6,6.9,0.527,0.57,2.1,2.5,0.826,1.1,4.6,5.6,4.0,1.8,0.4,3.0,5.4,18.2,16.9,0.141,0.159,0.117,0.073,0.51,0.556,0.975,0.337,10.0,0.597,0.51,0.18,2.6,10.4,6.6,11.4,1.8,0.7,16.4,16.3,0.4,1.0,1.4,0.051,-2.7,-0.2,-2.9,-0.3,2,Low-Usage 3&D Wings
203,Derrick Jones Jr.,28,LAC,SF,50,45,1350,7.0,14.0,0.499,2.0,5.6,0.359,4.9,8.3,0.593,0.571,2.6,3.4,0.763,2.2,4.1,6.4,2.5,1.7,1.8,1.5,3.8,18.6,12.3,0.311,0.243,0.034,0.008,0.404,0.724,0.982,0.425,13.3,0.6,0.404,0.245,5.4,9.4,7.5,7.3,1.7,3.5,8.7,15.1,1.7,1.1,2.8,0.1,-0.6,-0.1,-0.7,0.5,2,Low-Usage 3&D Wings
204,Darius Garland,26,2TM,PG,45,43,1344,11.2,24.4,0.46,4.4,11.2,0.396,6.8,13.2,0.514,0.551,3.8,4.4,0.861,0.7,3.2,3.9,10.9,1.6,0.3,4.7,3.0,30.6,16.4,0.15,0.228,0.106,0.058,0.458,0.299,0.557,0.11,17.1,0.582,0.458,0.182,1.5,7.4,4.5,34.9,1.6,0.6,15.2,27.4,1.7,0.9,2.6,0.092,2.2,-2.4,-0.2,0.6,1,Secondary Playmakers
205,Aaron Nesmith,26,IND,SF,45,42,1335,7.5,18.2,0.414,3.7,9.9,0.379,3.8,8.4,0.455,0.517,3.3,4.0,0.829,1.7,4.9,6.7,3.1,0.9,0.8,2.2,4.4,22.1,17.2,0.152,0.15,0.104,0.053,0.541,0.804,0.971,0.274,10.8,0.554,0.541,0.217,3.8,11.6,7.6,9.4,0.9,1.5,10.1,19.8,0.1,0.6,0.7,0.026,-1.7,-1.6,-3.4,-0.5,5,Pure Shooter
206,Kris Murray,25,POR,SF,57,15,1333,4.6,9.9,0.467,1.2,4.4,0.279,3.4,5.5,0.617,0.529,1.4,2.0,0.684,3.2,4.2,7.4,2.9,1.8,0.8,1.7,3.3,11.9,12.1,0.388,0.17,0.0,0.0,0.442,0.674,1.0,0.541,9.6,0.55,0.442,0.207,7.2,9.6,8.4,8.1,1.8,1.5,13.5,10.6,0.9,1.3,2.2,0.079,-2.3,0.8,-1.5,0.2,2,Low-Usage 3&D Wings
207,Stephen Curry,37,GSW,PG,43,41,1329,13.6,29.1,0.468,6.9,17.7,0.393,6.7,11.5,0.584,0.587,7.4,8.1,0.923,0.6,5.0,5.6,7.4,1.8,0.6,4.4,2.7,41.7,19.6,0.108,0.158,0.063,0.066,0.606,0.511,0.716,0.066,22.6,0.637,0.606,0.277,1.4,11.7,6.5,27.0,1.8,1.2,11.9,32.5,2.9,1.2,4.1,0.147,6.3,-1.0,5.4,2.5,0,Ball Dominant Player
208,Jordan Miller,26,LAC,SF,60,1,1325,8.0,15.0,0.531,1.4,4.1,0.345,6.5,10.8,0.602,0.579,5.1,6.6,0.777,1.9,5.0,6.8,5.1,1.7,0.4,2.4,2.3,22.4,10.6,0.293,0.326,0.1,0.005,0.276,0.448,1.0,0.336,15.9,0.628,0.276,0.439,4.5,11.3,8.0,15.1,1.7,0.8,11.7,18.0,2.5,1.0,3.5,0.125,0.6,-0.4,0.2,0.8,7,Point Forward
209,Drake Powell,20,BRK,SG,63,24,1320,5.4,13.4,0.402,1.9,6.8,0.28,3.5,6.6,0.528,0.473,2.6,2.9,0.896,0.8,3.4,4.2,3.4,1.3,0.5,2.2,3.3,15.3,16.3,0.17,0.148,0.131,0.042,0.508,0.452,0.882,0.264,7.3,0.521,0.508,0.215,1.8,8.4,4.9,10.3,1.3,1.0,13.3,14.9,-0.5,0.5,-0.1,-0.003,-4.6,-1.3,-6.0,-1.3,5,Pure Shooter
210,Jericho Sims,27,MIL,C,67,19,1318,5.4,6.9,0.784,0.0,0.0,0.0,5.4,6.9,0.784,0.784,1.6,2.6,0.62,5.5,8.3,13.8,3.9,0.7,0.6,2.8,5.4,12.5,2.2,0.816,0.146,0.038,0.0,0.0,0.814,0.0,0.0,12.9,0.772,0.0,0.384,12.7,19.0,15.9,10.7,0.7,1.3,25.8,9.8,2.5,0.7,3.2,0.117,-2.1,-0.9,-3.1,-0.4,3,Traditional Big Man
211,Dean Wade,29,CLE,PF,59,38,1318,4.4,10.1,0.439,2.6,7.1,0.362,1.9,3.0,0.622,0.567,1.0,1.4,0.711,1.9,7.1,9.0,3.2,1.6,0.8,0.6,3.3,12.5,18.5,0.223,0.036,0.025,0.011,0.705,0.725,0.986,0.378,10.9,0.58,0.705,0.137,4.4,16.1,10.3,8.3,1.6,1.7,5.1,9.9,1.7,1.4,3.1,0.114,-0.8,1.0,0.2,0.7,5,Pure Shooter
212,Isaiah Stewart,24,DET,C,58,13,1317,8.1,14.8,0.55,1.5,4.4,0.333,6.6,10.4,0.642,0.6,3.6,4.8,0.756,3.5,7.1,10.6,2.4,0.6,3.4,2.5,6.1,21.3,9.7,0.358,0.333,0.007,0.002,0.299,0.724,1.0,0.4,15.2,0.632,0.299,0.326,8.3,16.3,12.4,6.9,0.6,7.0,12.7,16.6,1.9,2.1,4.1,0.149,-1.1,1.1,0.0,0.7,4,Modern Two-Way Bigs
213,Egor Dёmin,19,BRK,PG,52,45,1308,6.8,17.0,0.399,4.7,12.2,0.385,2.1,4.8,0.433,0.537,2.0,2.5,0.831,0.8,5.4,6.2,6.5,1.6,0.6,3.3,3.5,20.3,20.6,0.109,0.096,0.036,0.042,0.717,0.509,0.823,0.152,11.3,0.561,0.717,0.145,1.8,13.5,7.3,20.7,1.6,1.2,15.3,18.8,0.1,0.7,0.9,0.032,-0.9,-0.7,-1.6,0.1,2,Low-Usage 3&D Wings
214,Alex Sarr,20,WAS,C,48,48,1305,11.5,23.8,0.482,1.8,5.4,0.333,9.7,18.4,0.526,0.52,3.7,5.3,0.692,3.8,9.1,12.9,4.7,1.4,3.4,3.0,3.8,28.4,10.5,0.262,0.363,0.104,0.043,0.229,0.677,0.9,0.073,19.4,0.544,0.229,0.223,8.5,20.9,14.6,15.9,1.4,6.4,10.2,25.7,0.7,0.9,1.6,0.059,0.8,-0.1,0.7,0.9,6,Versatile Role Players
215,Yves Missi,21,NOP,C,66,14,1297,5.9,10.8,0.544,0.0,0.0,0.0,5.9,10.8,0.546,0.544,2.1,3.8,0.559,6.7,7.5,14.2,3.1,0.7,3.7,2.0,4.2,13.9,2.8,0.656,0.303,0.031,0.007,0.003,0.625,0.0,0.0,15.0,0.556,0.003,0.347,15.0,17.0,16.0,8.6,0.7,7.4,13.7,12.6,1.6,1.1,2.7,0.098,-1.4,-0.3,-1.7,0.1,3,Traditional Big Man
216,Nicolas Batum,37,LAC,PF,74,6,1295,3.7,9.1,0.403,3.5,8.8,0.404,0.2,0.4,0.4,0.597,0.3,0.4,0.818,0.9,6.2,7.1,2.5,1.8,0.9,1.4,3.8,11.3,24.2,0.008,0.004,0.008,0.021,0.958,0.75,1.0,0.434,8.4,0.603,0.958,0.046,2.1,14.1,8.3,6.5,1.8,1.7,13.2,9.6,0.6,1.2,1.8,0.066,-1.7,0.7,-1.0,0.3,5,Pure Shooter
217,Ziaire Williams,24,BRK,SF,56,13,1281,7.1,16.7,0.425,3.3,9.7,0.343,3.8,7.0,0.538,0.524,4.6,5.4,0.85,1.2,4.0,5.2,2.3,2.9,0.8,2.3,4.5,22.1,16.3,0.224,0.139,0.048,0.009,0.58,0.643,0.977,0.359,12.4,0.579,0.58,0.323,2.6,10.0,6.1,7.4,2.9,1.5,10.7,18.9,0.5,1.1,1.6,0.059,-2.0,0.4,-1.7,0.1,2,Low-Usage 3&D Wings
218,Jordan Clarkson,33,NYK,SG,72,1,1279,9.2,20.4,0.451,2.7,8.3,0.327,6.5,12.1,0.535,0.517,3.0,3.6,0.83,2.4,2.5,4.9,3.7,1.2,0.3,2.4,4.8,24.1,14.0,0.183,0.27,0.114,0.027,0.407,0.509,0.957,0.379,11.6,0.548,0.407,0.179,5.4,5.7,5.6,10.7,1.2,0.7,10.0,21.1,0.9,1.0,1.9,0.072,-1.9,-1.4,-3.3,-0.4,1,Secondary Playmakers
219,Jaylin Williams,23,OKC,PF,65,11,1277,5.6,13.3,0.423,3.7,9.7,0.383,1.9,3.6,0.531,0.563,2.8,3.5,0.793,1.2,12.3,13.6,6.0,1.2,1.6,2.5,4.8,17.8,20.2,0.119,0.088,0.04,0.026,0.727,0.922,0.99,0.211,13.8,0.597,0.727,0.261,2.8,26.6,15.2,16.0,1.2,3.2,14.6,15.6,1.3,2.8,4.1,0.155,0.0,2.8,2.7,1.5,6,Versatile Role Players
220,Kevin Porter Jr.,25,MIL,PG,38,36,1261,9.3,20.0,0.465,1.8,5.6,0.322,7.5,14.5,0.52,0.51,5.3,6.1,0.878,1.3,6.4,7.7,10.9,3.2,0.7,4.3,3.4,25.8,12.9,0.251,0.21,0.128,0.132,0.278,0.228,0.63,0.203,18.7,0.567,0.278,0.304,3.1,14.6,8.9,33.8,3.2,1.5,15.9,24.3,1.5,1.3,2.8,0.106,0.8,1.2,2.1,1.3,1,Secondary Playmakers
221,Coby White,25,2TM,SG,50,26,1249,10.6,23.8,0.446,4.4,12.1,0.362,6.2,11.6,0.534,0.539,7.5,9.2,0.817,0.6,5.8,6.5,7.6,1.0,0.2,4.9,4.2,33.1,16.3,0.238,0.141,0.066,0.045,0.51,0.301,0.783,0.116,16.1,0.595,0.51,0.387,1.5,13.1,7.4,24.8,0.9,0.4,14.9,28.8,1.2,0.7,2.0,0.076,0.6,-1.9,-1.3,0.2,0,Ball Dominant Player
222,Collin Murray-Boyles,20,TOR,PF,57,22,1246,7.7,13.4,0.579,0.7,2.0,0.34,7.1,11.4,0.62,0.604,2.8,4.2,0.657,5.2,5.9,11.2,4.1,2.0,2.1,2.3,5.8,18.9,6.4,0.617,0.178,0.026,0.032,0.146,0.84,1.0,0.3,16.4,0.621,0.146,0.316,12.0,14.0,13.0,11.7,2.0,4.1,13.2,15.5,2.1,1.9,4.0,0.154,-0.5,1.5,1.0,1.0,4,Modern Two-Way Bigs
223,Nolan Traoré,19,BRK,PG,56,31,1243,7.2,19.1,0.38,2.4,7.6,0.318,4.8,11.4,0.422,0.444,2.9,3.7,0.787,0.6,3.4,3.9,8.5,1.8,0.9,5.1,4.7,19.9,13.4,0.194,0.311,0.077,0.017,0.401,0.405,0.885,0.245,7.9,0.479,0.401,0.196,1.2,8.4,4.6,27.2,1.8,1.7,19.9,22.8,-2.3,0.6,-1.6,-0.063,-4.8,-2.0,-6.8,-1.5,1,Secondary Playmakers
224,Adem Bona,22,PHI,C,71,18,1234,5.1,8.6,0.595,0.1,0.2,0.333,5.0,8.4,0.603,0.6,3.1,4.4,0.708,5.0,7.0,12.0,1.3,1.2,3.2,2.2,6.0,13.5,2.7,0.755,0.209,0.009,0.0,0.027,0.589,1.0,0.833,12.8,0.638,0.027,0.514,11.2,16.0,13.6,3.4,1.2,6.2,17.2,11.1,1.4,1.5,2.9,0.112,-3.2,0.3,-2.9,-0.3,4,Modern Two-Way Bigs
225,Andre Drummond,32,PHI,C,63,25,1231,6.2,13.2,0.472,1.3,3.5,0.356,5.0,9.7,0.514,0.519,2.1,3.3,0.631,7.8,13.0,20.9,3.1,1.5,1.9,2.4,4.9,15.8,8.2,0.516,0.202,0.015,0.0,0.267,0.504,1.0,0.8,16.4,0.539,0.267,0.249,17.5,29.8,23.6,8.9,1.5,3.7,14.0,14.9,1.5,1.9,3.4,0.133,-0.4,-0.2,-0.6,0.4,4,Modern Two-Way Bigs
226,Pat Spencer,29,GSW,PG,66,14,1229,7.3,17.2,0.427,2.4,6.6,0.357,5.0,10.6,0.47,0.495,1.7,2.2,0.772,2.0,4.2,6.2,9.2,1.9,0.2,3.4,3.0,18.8,14.7,0.135,0.266,0.177,0.037,0.385,0.302,0.7,0.19,12.1,0.516,0.385,0.131,4.5,9.9,7.2,27.1,1.9,0.4,15.6,18.9,0.5,1.0,1.4,0.056,-1.7,-0.6,-2.3,-0.1,1,Secondary Playmakers
227,Zach LaVine,30,SAC,SG,39,37,1224,10.4,21.6,0.479,3.9,10.0,0.39,6.4,11.6,0.556,0.569,4.9,5.6,0.88,0.3,4.0,4.3,3.5,1.1,0.4,2.9,3.2,29.6,16.7,0.157,0.185,0.062,0.132,0.464,0.577,0.768,0.197,14.7,0.614,0.464,0.26,0.7,9.4,4.9,11.2,1.1,0.8,10.8,23.7,1.3,0.0,1.3,0.051,0.6,-2.2,-1.5,0.2,1,Secondary Playmakers
228,Jordan Walsh,21,BOS,PF,68,25,1212,5.7,11.1,0.509,2.0,5.2,0.384,3.7,5.9,0.62,0.599,1.8,2.4,0.772,3.5,7.8,11.4,2.3,2.0,1.3,1.5,5.7,15.2,13.3,0.337,0.172,0.022,0.0,0.468,0.602,1.0,0.36,13.1,0.623,0.468,0.213,7.9,16.6,12.3,5.8,2.0,2.6,10.7,11.7,1.9,1.9,3.8,0.15,-1.4,1.6,0.2,0.7,2,Low-Usage 3&D Wings
229,Jaxson Hayes,25,LAL,C,66,9,1207,8.0,10.6,0.756,0.1,0.1,1.0,7.9,10.5,0.753,0.761,4.0,6.1,0.653,4.0,7.0,11.0,2.4,1.2,2.1,1.3,5.1,20.1,2.8,0.695,0.282,0.011,0.0,0.011,0.81,1.0,0.0,18.3,0.758,0.011,0.573,10.0,16.1,13.2,6.9,1.2,4.0,8.6,13.0,3.8,1.2,5.0,0.199,0.8,0.4,1.2,1.0,4,Modern Two-Way Bigs
230,Joel Embiid,31,PHI,C,38,38,1201,13.7,28.0,0.489,2.1,6.4,0.333,11.6,21.6,0.535,0.527,11.5,13.5,0.854,3.0,8.8,11.8,6.0,0.8,1.8,4.4,3.3,41.0,13.4,0.224,0.149,0.221,0.178,0.228,0.608,0.868,0.05,24.7,0.605,0.228,0.481,6.7,20.0,13.3,21.7,0.8,3.6,11.4,33.5,2.8,1.3,4.1,0.163,5.1,-0.2,4.9,2.1,0,Ball Dominant Player
231,Marvin Bagley III,26,2TM,PF,60,12,1201,10.0,16.2,0.618,0.9,2.0,0.462,9.1,14.1,0.641,0.647,3.7,5.7,0.66,5.9,8.5,14.4,3.3,1.1,1.7,2.4,4.8,24.7,6.2,0.528,0.326,0.017,0.002,0.127,0.617,1.0,0.192,20.2,0.661,0.127,0.35,13.2,19.3,16.3,10.8,1.1,3.1,11.4,18.6,3.0,0.8,3.8,0.15,1.8,-1.0,0.8,0.8,4,Modern Two-Way Bigs
232,Santi Aldama,25,MEM,PF,43,11,1198,9.0,18.8,0.479,2.8,7.9,0.35,6.2,10.9,0.572,0.553,3.0,4.5,0.667,2.6,8.7,11.3,5.0,1.5,1.2,2.2,2.7,23.8,14.1,0.206,0.263,0.082,0.029,0.42,0.804,0.986,0.245,16.3,0.572,0.42,0.239,6.0,20.2,13.0,15.7,1.5,2.4,9.5,20.2,1.3,1.0,2.3,0.092,1.3,0.4,1.7,1.1,6,Versatile Role Players
233,Daniel Gafford,27,DAL,C,55,44,1195,8.2,12.5,0.655,0.0,0.0,0.0,8.2,12.5,0.655,0.655,4.3,6.4,0.683,5.4,9.5,14.9,2.3,1.7,2.7,2.5,5.7,20.7,2.7,0.661,0.313,0.019,0.006,0.0,0.643,0.0,0.0,18.8,0.677,0.0,0.509,12.3,21.1,16.7,7.0,1.7,4.9,14.0,15.8,2.5,1.7,4.1,0.167,-0.5,1.2,0.7,0.8,3,Traditional Big Man
234,Danny Wolf,21,BRK,PF,57,15,1187,7.4,18.3,0.405,2.8,8.8,0.322,4.6,9.5,0.48,0.482,3.5,4.5,0.771,2.4,9.3,11.7,5.3,1.2,1.3,3.0,5.2,21.2,14.3,0.259,0.227,0.016,0.018,0.48,0.591,0.941,0.237,12.3,0.521,0.48,0.248,5.3,23.2,13.8,17.1,1.2,2.5,13.0,20.6,-0.2,1.0,0.8,0.032,-2.2,-0.3,-2.5,-0.2,6,Versatile Role Players
235,Jimmy Butler,36,GSW,SF,38,38,1182,9.8,18.9,0.519,1.3,3.5,0.376,8.5,15.5,0.552,0.554,10.2,11.8,0.864,3.6,5.0,8.7,7.6,2.3,0.3,2.5,1.9,31.2,9.3,0.342,0.303,0.121,0.05,0.184,0.505,0.719,0.435,23.5,0.646,0.184,0.621,8.2,11.8,10.0,24.3,2.3,0.6,9.3,23.3,4.6,1.1,5.7,0.233,5.0,0.5,5.5,2.3,7,Point Forward
236,Mouhamed Gueye,23,ATL,PF,77,8,1179,5.2,11.6,0.452,1.6,5.2,0.308,3.6,6.4,0.569,0.521,1.6,2.5,0.645,3.6,7.4,11.0,2.8,2.4,1.6,1.3,5.1,13.7,13.1,0.338,0.138,0.055,0.021,0.448,0.714,1.0,0.662,12.0,0.539,0.448,0.214,8.1,17.4,12.7,7.4,2.4,3.0,9.4,12.4,0.9,1.8,2.7,0.11,-2.6,1.3,-1.3,0.2,2,Low-Usage 3&D Wings
237,GG Jackson II,21,MEM,PF,55,28,1178,10.3,20.7,0.496,2.6,7.8,0.332,7.7,12.9,0.595,0.558,4.5,6.1,0.742,2.0,7.5,9.5,3.3,1.2,1.8,3.4,3.0,27.6,12.2,0.329,0.232,0.053,0.012,0.375,0.576,0.859,0.295,15.6,0.591,0.375,0.294,4.4,17.4,10.8,10.7,1.2,3.4,12.8,23.5,0.4,0.9,1.3,0.052,0.0,-1.2,-1.2,0.2,6,Versatile Role Players
238,Bones Hyland,25,MIN,PG,71,3,1177,8.6,19.0,0.453,4.7,12.1,0.388,3.9,6.9,0.568,0.577,2.6,3.3,0.78,0.9,4.2,5.2,7.6,1.8,0.7,2.8,4.9,24.5,18.4,0.19,0.088,0.056,0.028,0.639,0.333,0.767,0.147,15.1,0.599,0.639,0.175,2.2,9.5,5.9,22.7,1.8,1.3,12.2,20.6,1.8,1.3,3.1,0.126,1.2,0.5,1.7,1.1,1,Secondary Playmakers
239,De'Andre Hunter,28,2TM,SF,45,25,1176,8.5,20.5,0.415,3.1,10.1,0.305,5.4,10.4,0.522,0.49,5.1,5.8,0.867,1.2,6.3,7.6,3.7,1.2,0.2,3.1,4.6,25.1,17.0,0.134,0.176,0.136,0.064,0.491,0.662,0.853,0.211,11.4,0.545,0.491,0.285,2.8,14.5,8.7,10.6,1.2,0.5,11.7,22.9,0.1,1.0,1.1,0.044,-2.5,-1.5,-3.9,-0.6,1,Secondary Playmakers
240,Mitchell Robinson,27,NYK,C,60,16,1175,6.3,8.7,0.723,0.0,0.0,0.0,6.3,8.7,0.723,0.723,1.8,4.3,0.408,10.6,11.5,22.2,2.2,2.4,3.0,1.7,5.4,14.3,1.0,0.922,0.073,0.005,0.0,0.0,0.577,0.0,0.0,21.1,0.676,0.0,0.5,23.9,26.1,25.0,5.8,2.4,6.1,14.0,10.7,3.3,2.5,5.8,0.236,1.9,1.5,3.5,1.6,3,Traditional Big Man
241,Simone Fontecchio,30,MIA,SF,70,9,1173,7.7,18.6,0.412,4.9,13.0,0.375,2.8,5.7,0.497,0.542,3.4,4.0,0.843,2.2,6.1,8.3,4.0,1.5,0.4,1.9,4.1,23.6,18.9,0.151,0.127,0.013,0.013,0.696,0.69,0.976,0.28,13.8,0.579,0.696,0.217,4.9,13.8,9.3,11.6,1.5,0.7,8.7,19.6,1.4,1.2,2.6,0.106,0.7,-0.2,0.5,0.7,6,Versatile Role Players
242,Ryan Nembhard,22,DAL,PG,60,27,1171,6.5,15.7,0.415,1.9,5.4,0.356,4.6,10.3,0.447,0.477,1.0,1.2,0.806,0.5,4.8,5.4,12.7,1.0,0.1,3.4,3.5,16.0,16.5,0.09,0.159,0.228,0.177,0.346,0.281,0.75,0.111,10.9,0.492,0.346,0.079,1.2,10.8,6.0,37.2,1.0,0.1,17.4,17.5,0.1,0.7,0.8,0.031,-2.4,-1.7,-4.1,-0.6,1,Secondary Playmakers
243,Landry Shamet,28,NYK,SG,51,12,1171,6.7,15.4,0.437,4.4,11.1,0.392,2.4,4.3,0.554,0.578,2.3,3.2,0.711,1.0,2.9,3.9,3.0,1.3,0.4,1.3,3.3,20.1,19.6,0.162,0.038,0.044,0.033,0.723,0.768,0.981,0.445,11.2,0.598,0.723,0.209,2.2,6.6,4.4,8.2,1.3,0.8,7.0,15.7,1.6,1.0,2.6,0.106,-0.4,0.1,-0.3,0.5,5,Pure Shooter
244,Day'Ron Sharpe,24,BRK,C,62,7,1160,9.1,15.2,0.601,0.4,1.7,0.231,8.7,13.5,0.647,0.614,4.4,6.5,0.678,7.3,10.3,17.6,6.2,2.9,1.1,4.5,6.3,23.0,5.2,0.587,0.292,0.003,0.008,0.11,0.537,1.0,0.333,20.5,0.638,0.11,0.427,16.2,25.7,20.7,21.1,2.9,2.1,20.0,19.9,2.0,1.5,3.5,0.144,0.4,1.0,1.4,1.0,4,Modern Two-Way Bigs
245,Jared McCain,21,2TM,SG,67,3,1160,8.5,20.0,0.425,4.1,10.7,0.385,4.4,9.3,0.471,0.528,2.1,2.5,0.864,1.0,4.7,5.7,3.7,1.5,0.2,2.3,3.4,23.2,17.3,0.16,0.144,0.108,0.052,0.535,0.39,0.848,0.226,11.6,0.551,0.535,0.123,2.2,10.6,6.4,11.0,1.5,0.4,10.0,20.7,0.2,1.2,1.5,0.06,-1.6,-0.8,-2.4,-0.1,5,Pure Shooter
246,Quinten Post,25,GSW,PF,67,35,1159,8.1,18.4,0.44,3.9,11.6,0.336,4.2,6.8,0.617,0.546,1.4,1.8,0.791,2.8,8.4,11.3,3.9,1.1,1.5,2.3,5.2,21.5,17.9,0.141,0.171,0.03,0.027,0.631,0.69,0.989,0.307,13.0,0.56,0.631,0.098,6.4,19.7,12.9,11.9,1.1,2.8,10.9,18.8,0.7,1.2,1.9,0.078,-1.0,-0.1,-1.1,0.3,6,Versatile Role Players
247,Svi Mykhailiuk,28,UTA,SF,50,41,1156,7.0,14.7,0.478,4.0,9.7,0.408,3.0,5.0,0.615,0.613,1.0,1.1,0.893,1.5,3.6,5.0,3.8,1.1,0.1,1.7,2.6,19.0,18.3,0.13,0.152,0.036,0.019,0.663,0.64,0.929,0.413,11.4,0.626,0.663,0.077,3.3,8.4,5.8,11.0,1.1,0.3,10.1,14.8,1.3,-0.2,1.1,0.048,0.3,-2.0,-1.7,0.1,5,Pure Shooter
248,Caris LeVert,31,DET,SG,60,0,1154,6.8,16.4,0.417,2.5,7.5,0.333,4.3,8.8,0.488,0.494,2.4,3.5,0.679,1.0,3.9,4.9,6.7,2.1,1.7,3.4,3.8,18.6,15.3,0.192,0.217,0.105,0.026,0.46,0.466,0.733,0.217,10.9,0.518,0.46,0.215,2.3,9.0,5.7,18.2,2.1,3.5,16.1,18.4,-0.2,1.8,1.6,0.066,-1.8,1.5,-0.4,0.5,2,Low-Usage 3&D Wings
249,Jakob Poeltl,30,TOR,C,46,44,1149,9.2,13.2,0.7,0.0,0.0,0.0,9.2,13.2,0.7,0.7,2.5,4.2,0.602,4.8,8.9,13.7,3.9,1.7,1.4,2.4,6.2,20.9,3.7,0.59,0.297,0.113,0.0,0.0,0.788,0.0,0.0,18.1,0.698,0.0,0.316,11.2,20.8,16.0,11.7,1.7,2.7,13.9,15.3,2.6,1.8,4.3,0.18,0.2,1.4,1.6,1.0,3,Traditional Big Man
250,Craig Porter Jr.,25,CLE,PG,64,3,1148,4.9,10.8,0.45,1.4,3.9,0.355,3.5,6.9,0.503,0.514,1.0,1.7,0.6,3.6,5.7,9.2,8.6,2.4,1.6,2.5,2.9,12.1,12.9,0.264,0.205,0.155,0.016,0.36,0.53,0.818,0.333,13.7,0.524,0.36,0.155,8.2,12.9,10.5,22.4,2.4,3.1,17.6,12.3,1.3,1.5,2.8,0.116,0.0,1.9,2.0,1.2,2,Low-Usage 3&D Wings
251,Gary Payton II,33,GSW,SG,73,1,1142,10.3,17.6,0.583,1.6,5.4,0.291,8.7,12.2,0.712,0.628,1.1,1.7,0.65,4.3,7.0,11.2,5.2,2.8,0.9,2.6,5.6,23.2,9.6,0.448,0.236,0.01,0.0,0.306,0.805,0.946,0.48,18.3,0.632,0.306,0.096,9.7,16.3,12.9,16.9,2.8,1.7,12.5,18.4,2.0,1.5,3.5,0.149,0.7,1.3,1.9,1.1,2,Low-Usage 3&D Wings
252,Dru Smith,28,MIA,SG,70,1,1141,5.5,13.2,0.415,1.5,5.2,0.295,3.9,8.0,0.495,0.474,3.5,4.3,0.829,2.5,4.5,7.0,7.3,4.1,0.9,2.2,4.4,16.1,12.8,0.258,0.292,0.046,0.006,0.397,0.464,0.921,0.372,14.5,0.532,0.397,0.323,5.6,10.2,7.9,20.0,4.1,1.6,12.9,15.2,1.2,1.9,3.0,0.127,-1.5,3.6,2.2,1.2,2,Low-Usage 3&D Wings
253,Isaiah Hartenstein,27,OKC,C,47,46,1137,7.8,12.6,0.622,0.0,0.3,0.0,7.8,12.3,0.637,0.622,2.7,4.5,0.61,6.3,12.5,18.8,7.1,2.0,1.5,3.5,5.0,18.4,4.8,0.524,0.314,0.139,0.0,0.024,0.777,0.0,0.286,19.8,0.631,0.024,0.355,14.8,27.0,21.1,20.1,2.0,3.1,19.3,16.1,2.5,2.8,5.3,0.223,1.0,3.2,4.2,1.8,3,Traditional Big Man
254,Paul George,35,PHI,PF,37,37,1135,9.6,21.8,0.439,4.3,10.8,0.392,5.3,11.0,0.484,0.536,3.9,4.7,0.82,0.9,7.5,8.3,5.7,2.6,0.7,2.7,3.6,27.3,18.0,0.115,0.105,0.15,0.133,0.497,0.36,0.78,0.22,16.7,0.57,0.497,0.216,1.9,17.1,9.4,17.7,2.6,1.3,10.2,23.3,1.1,1.4,2.5,0.108,1.0,0.7,1.7,1.1,1,Secondary Playmakers
255,Jarred Vanderbilt,26,LAL,PF,65,3,1128,4.9,10.4,0.471,1.3,4.3,0.293,3.6,6.1,0.596,0.531,1.4,2.4,0.589,3.5,9.2,12.6,3.6,2.4,0.8,2.4,4.5,12.5,11.2,0.425,0.154,0.0,0.008,0.413,0.69,0.966,0.909,11.2,0.544,0.413,0.233,8.6,21.3,15.2,9.6,2.4,1.6,17.5,12.4,0.4,1.5,1.8,0.079,-2.4,0.9,-1.5,0.1,2,Low-Usage 3&D Wings
256,De'Anthony Melton,27,GSW,PG,49,24,1125,9.3,22.8,0.407,3.1,10.6,0.294,6.2,12.2,0.505,0.475,4.3,5.2,0.826,1.7,5.1,6.8,5.4,3.3,0.9,3.9,3.9,25.9,15.0,0.159,0.288,0.051,0.038,0.464,0.42,0.875,0.22,13.4,0.518,0.464,0.229,3.8,12.0,7.8,16.9,3.3,1.6,13.5,25.4,-0.7,1.5,0.7,0.031,-2.6,0.1,-2.5,-0.1,2,Low-Usage 3&D Wings
257,Luka Garza,27,BOS,C,69,6,1118,9.3,16.2,0.577,2.5,5.7,0.433,6.8,10.4,0.657,0.654,4.1,5.3,0.769,7.1,5.7,12.7,3.0,1.2,1.3,2.1,7.3,25.2,11.7,0.353,0.232,0.048,0.011,0.356,0.596,0.982,0.134,19.9,0.682,0.356,0.328,15.7,12.0,13.8,8.5,1.2,2.5,10.1,17.7,3.9,1.4,5.3,0.226,2.2,0.2,2.4,1.2,6,Versatile Role Players
258,Taylor Hendricks,22,2TM,PF,59,17,1118,6.9,15.0,0.459,2.7,7.8,0.342,4.2,7.2,0.585,0.548,2.1,3.0,0.681,2.7,6.6,9.3,2.3,2.1,1.3,2.1,4.2,18.5,14.7,0.234,0.214,0.028,0.006,0.518,0.71,0.984,0.44,12.2,0.566,0.518,0.203,6.2,15.4,10.7,6.8,2.1,2.5,11.5,16.2,0.4,0.8,1.1,0.049,-1.5,-0.9,-2.4,-0.1,2,Low-Usage 3&D Wings
259,John Konchar,29,2TM,SG,56,8,1115,4.0,8.4,0.472,1.2,4.2,0.283,2.8,4.2,0.66,0.543,1.4,1.9,0.727,3.1,7.0,10.1,5.0,3.5,1.6,1.5,3.3,10.5,14.2,0.291,0.166,0.035,0.01,0.497,0.697,0.964,0.465,13.6,0.568,0.497,0.221,7.0,16.5,11.6,13.4,3.5,3.2,13.8,9.4,1.2,1.2,2.4,0.104,-1.3,2.2,0.9,0.8,2,Low-Usage 3&D Wings
260,Ousmane Dieng,22,2TM,C,57,20,1099,7.5,17.7,0.422,2.8,8.2,0.341,4.7,9.5,0.493,0.501,1.4,2.0,0.711,1.3,6.7,8.0,6.1,1.1,0.8,3.3,3.5,19.2,17.2,0.133,0.153,0.153,0.095,0.465,0.39,0.73,0.168,10.2,0.516,0.465,0.113,3.0,15.2,9.2,17.7,1.1,1.5,15.2,19.7,-0.6,0.9,0.3,0.012,-2.6,-1.2,-3.8,-0.5,1,Secondary Playmakers
261,Jalen Smith,25,CHI,C,53,21,1095,8.3,17.3,0.483,3.5,9.4,0.373,4.8,7.9,0.614,0.584,2.9,4.0,0.742,4.2,11.0,15.2,2.8,1.0,1.8,2.3,4.7,23.1,15.3,0.329,0.097,0.005,0.025,0.545,0.77,1.0,0.25,16.6,0.608,0.545,0.23,9.6,24.6,17.2,8.5,1.0,3.3,10.6,19.0,1.5,1.1,2.6,0.114,0.2,-0.9,-0.7,0.4,6,Versatile Role Players
262,Kentavious Caldwell-Pope,32,MEM,SG,51,14,1088,6.5,15.9,0.41,2.4,7.6,0.316,4.1,8.4,0.495,0.485,3.2,3.5,0.913,0.9,4.6,5.4,6.1,1.9,0.3,2.7,2.5,18.6,17.5,0.101,0.161,0.09,0.172,0.475,0.726,0.873,0.155,11.0,0.533,0.475,0.219,2.0,10.6,6.2,17.7,1.9,0.7,13.2,17.7,0.2,0.5,0.7,0.032,-2.3,-0.2,-2.5,-0.1,5,Pure Shooter
263,Hugo González,19,BOS,SF,74,3,1084,5.5,11.5,0.476,2.0,5.4,0.362,3.5,6.1,0.577,0.561,0.6,1.2,0.5,2.9,8.6,11.5,1.9,2.0,1.0,1.8,5.8,13.5,13.8,0.26,0.228,0.028,0.012,0.472,0.667,1.0,0.466,10.2,0.561,0.472,0.106,6.4,18.3,12.5,4.8,2.0,2.0,12.9,11.8,0.5,1.7,2.2,0.099,-3.1,1.6,-1.5,0.1,2,Low-Usage 3&D Wings
264,Jusuf Nurkić,31,UTA,C,41,36,1083,7.8,15.5,0.503,1.1,3.1,0.352,6.7,12.4,0.54,0.538,2.7,4.9,0.549,4.6,13.8,18.4,8.5,2.3,1.0,4.4,5.8,19.4,9.1,0.263,0.472,0.061,0.006,0.198,0.71,1.0,0.042,16.4,0.548,0.198,0.316,10.3,32.6,21.2,25.4,2.3,2.0,19.9,19.3,0.4,1.1,1.5,0.068,-0.5,1.6,1.1,0.9,4,Modern Two-Way Bigs
265,Miles McBride,25,NYK,SG,41,15,1080,7.9,18.5,0.423,5.1,12.4,0.413,2.7,6.1,0.444,0.562,1.7,2.2,0.787,1.1,3.5,4.6,4.9,1.6,0.4,1.5,3.2,22.5,20.4,0.064,0.087,0.094,0.084,0.671,0.424,0.821,0.273,13.1,0.578,0.671,0.116,2.5,7.9,5.2,13.5,1.6,0.9,7.2,18.2,1.6,1.1,2.7,0.119,1.0,0.2,1.2,0.9,5,Pure Shooter
266,Corey Kispert,26,2TM,SF,58,10,1080,8.1,17.2,0.467,3.8,10.4,0.367,4.2,6.9,0.618,0.577,3.4,4.2,0.794,1.2,4.6,5.8,4.0,0.7,0.4,2.0,2.6,23.3,17.2,0.234,0.137,0.028,0.0,0.602,0.763,0.954,0.207,13.1,0.609,0.602,0.246,2.7,10.7,6.6,11.8,0.7,0.7,9.3,18.6,1.4,0.5,1.8,0.082,0.1,-2.0,-1.9,0.0,5,Pure Shooter
267,Rayan Rupert,21,2TM,SG,64,8,1072,5.5,13.9,0.393,2.0,6.0,0.324,3.5,7.9,0.446,0.463,1.9,2.4,0.778,2.1,6.2,8.3,3.0,2.4,0.4,2.4,5.5,14.7,14.1,0.201,0.265,0.07,0.029,0.435,0.481,0.932,0.404,8.2,0.493,0.435,0.173,4.8,14.4,9.5,8.6,2.4,0.8,14.0,15.0,-0.5,1.1,0.6,0.026,-5.0,-0.1,-5.1,-0.8,2,Low-Usage 3&D Wings
268,Gradey Dick,22,TOR,SG,76,1,1067,7.4,17.6,0.419,2.6,8.5,0.301,4.8,9.0,0.53,0.492,3.5,4.0,0.875,1.9,4.8,6.7,2.3,2.1,0.3,2.0,4.6,20.8,15.5,0.24,0.13,0.081,0.065,0.484,0.829,1.0,0.366,10.7,0.538,0.484,0.229,4.4,11.3,7.8,6.5,2.1,0.6,9.2,18.7,0.2,1.3,1.4,0.064,-3.2,-0.4,-3.6,-0.4,5,Pure Shooter
269,Giannis Antetokounmpo,31,MIL,PF,36,36,1039,17.7,28.3,0.624,0.7,2.1,0.333,16.9,26.2,0.647,0.636,11.0,16.9,0.65,4.6,12.0,16.7,9.3,1.6,1.1,5.4,4.1,47.0,6.1,0.61,0.161,0.064,0.09,0.075,0.475,0.867,0.022,32.6,0.658,0.075,0.597,10.7,27.4,19.2,38.7,1.6,2.3,13.2,37.0,3.9,1.1,5.0,0.231,7.7,1.8,9.5,3.0,0,Ball Dominant Player
270,Tyler Herro,26,MIA,SG,33,28,1033,11.1,23.1,0.48,3.8,10.0,0.378,7.3,13.2,0.556,0.561,4.4,4.9,0.917,0.6,6.5,7.1,6.1,1.0,0.5,2.9,2.8,30.4,16.3,0.091,0.25,0.181,0.047,0.431,0.497,0.75,0.108,17.1,0.602,0.431,0.21,1.4,14.6,7.9,19.7,1.0,1.0,10.2,24.7,1.4,1.0,2.4,0.112,2.4,-0.4,2.0,1.1,1,Secondary Playmakers
271,Jamir Watkins,24,WAS,SG,50,7,1032,6.1,13.6,0.446,2.2,7.3,0.297,3.9,6.3,0.616,0.525,2.6,3.8,0.695,2.2,6.7,8.9,3.1,2.5,1.1,1.8,5.9,16.9,15.5,0.257,0.172,0.027,0.01,0.534,0.541,0.957,0.424,11.8,0.554,0.534,0.277,5.0,15.4,10.1,8.8,2.5,2.1,10.8,15.1,0.5,0.5,1.1,0.049,-2.9,-0.5,-3.3,-0.3,2,Low-Usage 3&D Wings
272,Alex Caruso,31,OKC,SG,56,0,1020,6.0,14.2,0.423,2.5,8.6,0.293,3.5,5.6,0.622,0.512,1.9,2.4,0.804,1.3,6.0,7.3,5.2,3.4,0.8,2.3,3.2,16.5,16.4,0.23,0.133,0.023,0.01,0.603,0.689,0.981,0.436,12.8,0.54,0.603,0.17,3.1,13.0,8.2,14.1,3.4,1.6,13.0,15.7,0.3,2.2,2.5,0.12,-1.4,3.3,1.9,1.0,2,Low-Usage 3&D Wings
273,Franz Wagner,24,ORL,SF,34,32,1019,11.5,23.9,0.481,2.3,6.6,0.345,9.2,17.3,0.533,0.529,7.7,9.3,0.823,2.0,6.3,8.3,5.3,1.5,0.5,2.7,3.4,32.9,11.3,0.258,0.345,0.075,0.047,0.274,0.515,0.771,0.173,19.2,0.588,0.274,0.391,4.7,14.8,9.7,18.2,1.5,1.0,8.9,27.0,1.8,1.1,2.8,0.134,2.6,-0.2,2.5,1.2,7,Point Forward
274,Caleb Love,24,POR,SG,49,1,1013,9.0,23.1,0.388,4.4,13.8,0.318,4.6,9.3,0.49,0.483,1.7,2.3,0.735,1.2,4.2,5.4,5.8,1.3,0.2,2.9,2.3,24.0,18.5,0.122,0.167,0.053,0.061,0.596,0.412,0.828,0.127,10.7,0.497,0.596,0.1,2.6,9.7,6.1,18.4,1.3,0.4,10.8,23.0,-0.1,0.8,0.6,0.031,-1.5,-1.6,-3.1,-0.3,5,Pure Shooter
275,Robert Williams,28,POR,C,59,1,1008,8.4,11.8,0.708,0.4,1.1,0.391,8.0,10.8,0.74,0.726,1.6,2.7,0.596,6.7,13.0,19.7,2.8,1.7,4.1,2.3,3.5,18.8,4.5,0.644,0.224,0.032,0.008,0.092,0.696,1.0,0.826,22.1,0.722,0.092,0.228,14.9,29.9,22.3,8.9,1.7,7.7,15.1,13.1,2.4,2.0,4.5,0.213,2.0,2.4,4.5,1.7,4,Modern Two-Way Bigs
276,Guerschon Yabusele,30,2TM,C,67,19,1007,5.9,14.8,0.401,3.3,9.3,0.352,2.7,5.5,0.483,0.511,2.6,3.4,0.75,2.7,8.4,11.1,3.0,1.2,0.8,1.9,3.8,17.7,17.3,0.189,0.138,0.032,0.013,0.628,0.679,0.986,0.332,11.1,0.543,0.628,0.231,6.1,19.0,12.6,8.3,1.2,1.5,10.7,16.1,0.4,1.0,1.4,0.067,-1.7,-0.5,-2.2,-0.1,6,Versatile Role Players
277,Aaron Gordon,30,DEN,PF,36,33,1005,9.6,19.3,0.497,3.0,7.6,0.389,6.7,11.7,0.568,0.574,6.1,7.9,0.767,2.5,7.7,10.1,4.7,1.0,0.5,1.8,3.0,28.3,13.7,0.294,0.148,0.093,0.07,0.394,0.642,0.852,0.242,18.5,0.62,0.394,0.41,6.0,16.8,11.6,13.7,1.0,0.9,7.5,21.9,2.4,0.7,3.2,0.153,2.9,-1.2,1.7,0.9,6,Versatile Role Players
278,Nae'Qwan Tomlin,25,CLE,PF,64,3,1004,7.2,15.0,0.478,1.3,5.5,0.235,5.9,9.5,0.618,0.521,2.2,2.9,0.77,4.1,4.8,8.9,2.5,2.0,1.6,1.4,6.0,17.9,10.4,0.503,0.121,0.01,0.0,0.366,0.659,0.963,0.609,12.9,0.549,0.366,0.194,9.5,10.9,10.2,7.0,2.0,3.2,7.8,15.5,1.1,1.1,2.2,0.107,-2.2,0.1,-2.1,0.0,2,Low-Usage 3&D Wings
